id,provincia_id,codigo,nombre,capital,created_at,updated_at
1,60,100902,CODO DEL POZUZO,CODO DEL POZUZO,,
2,60,100904,TOURNAVISTA,TOURNAVISTA,,
3,13,120606,PANGOA,SAN MARTIN DE PANGOA,,
4,13,120604,MAZAMARI,MAZAMARI,,
5,133,221006,SANTA LUCIA,SANTA LUCIA,,
6,134,230104,CIUDAD NUEVA,CIUDAD NUEVA,,
7,77,030218,TURPO,TURPO,,
8,135,230303,ITE,ITE,,
9,62,010205,IMAZA,CHIRIACO,,
10,44,090204,CAJA,CAJA,,
11,45,090309,JULCAMARCA,JULCAMARCA,,
12,142,250307,BOQUERON,BOQUERON,,
13,87,040504,CALLALLI,CALLALLI,,
14,96,190306,PUERTO BERMUDEZ,PUERTO BERMUDEZ,,
15,82,030714,CURASCO,CURASCO,,
16,63,010312,YAMBRASBAMBA,YAMBRASBAMBA,,
17,94,190111,TINYAHUARCO,TINYAHUARCO (SMELTER),,
18,90,060904,LA COIPA,LA COIPA,,
19,145,040607,SALAMANCA,SALAMANCA,,
20,65,010505,CONILA,COHECHAN,,
21,42,081301,URUBAMBA,URUBAMBA,,
22,142,250306,HUIPOCA,HUIPOCA,,
23,65,010501,LAMUD,LAMUD,,
24,191,080108,WANCHAQ,WANCHAQ,,
25,160,060202,CACHACHI,CACHACHI,,
26,98,200210,SUYO,SUYO,,
27,147,040806,PUYCA,PUYCA,,
28,170,200802,BELLAVISTA DE LA UNION,BELLAVISTA,,
29,32,080202,ACOPIA,ACOPIA,,
30,66,010611,TOTORA,TOTORA,,
31,182,210407,ZEPITA,ZEPITA,,
32,70,020506,CANIS,CANIS,,
33,63,010311,VALERA,VALERA (SAN PABLO),,
34,87,040511,LLUTA,LLUTA,,
35,83,040125,VITOR,VITOR,,
36,75,021904,CASHAPAMPA,CASHAPAMPA,,
37,106,211101,JULIACA,JULIACA,,
38,193,130801,TAYABAMBA,TAYABAMBA,,
39,196,200605,MARCAVELICA,MARCAVELICA,,
40,108,211301,YUNGUYO,YUNGUYO,,
41,108,211305,OLLARAYA,SAN MIGUEL DE OLLARAYA,,
42,92,180210,UBINAS,UBINAS,,
43,83,040104,CERRO COLORADO,LA LIBERTAD,,
44,86,040407,HUANCARQUI,HUANCARQUI,,
45,70,020508,HUALLANCA,HUALLANCA,,
46,145,040601,CHUQUIBAMBA,CHUQUIBAMBA,,
47,95,190203,GOYLLARISQUIZGA,GOYLLARISQUIZGA,,
48,74,021804,MACATE,MACATE,,
49,193,130807,ONGON,ONGON,,
50,82,030705,MAMARA,MAMARA,,
51,106,211103,CABANILLAS,DEUSTUA,,
52,85,040308,CHAPARRA,ACHANIZO,,
53,76,022004,MATACOTO,MATACOTO,,
54,172,210105,CAPACHICA,CAPACHICA,,
55,87,040514,SAN ANTONIO DE CHUCA,SAN ANTONIO DE CHUCA /3,,
56,68,020108,OLLEROS,OLLEROS,,
57,86,040409,ORCOPAMPA,ORCOPAMPA,,
58,124,170203,MADRE DE DIOS,BOCA COLORADO,,
59,83,040103,CAYMA,CAYMA,,
60,92,180211,YUNGA,YUNGA,,
61,60,100905,YUYAPICHIS,YUYAPICHIS,,
62,19,150135,SAN MARTIN DE PORRES,BARRIO OBRERO INDUSTRIAL,,
63,186,020903,BAMBAS,BAMBAS,,
64,119,160508,SOPLIN,NUEVA ALEJANDRIA (CURINGA),,
65,38,080906,QUELLOUNO,QUELLOUNO,,
66,63,010304,COROSHA,COROSHA,,
67,85,040309,HUANUHUANU,TOCOTA,,
68,102,210709,SANTA LUCIA,SANTA LUCIA,,
69,184,020701,SAN LUIS,SAN LUIS,,
70,52,021101,HUARMEY,HUARMEY,,
71,52,021103,CULEBRAS,LA CALETA CULEBRAS,,
72,19,150131,SAN ISIDRO,SAN ISIDRO,,
73,83,040120,SANTA ISABEL DE SIGUAS,SANTA ISABEL DE SIGUAS,,
74,11,120417,MASMA CHICCHE,MASMA CHICCHE,,
75,133,221002,NUEVO PROGRESO,NUEVO PROGRESO,,
76,133,221001,TOCACHE,TOCACHE,,
77,145,040605,IRAY,IRAY,,
78,11,120412,JULCAN,JULCAN,,
79,166,021504,HUACASCHUQUE,HUACASCHUQUE,,
80,166,021503,CONCHUCOS,CONCHUCOS,,
81,101,210607,TARACO,TARACO,,
82,166,021505,HUANDOVAL,HUANDOVAL,,
83,113,130301,BOLIVAR,BOLIVAR,,
84,101,210601,HUANCANE,HUANCANE,,
85,101,210608,VILQUE CHICO,VILQUE CHICO,,
86,89,060806,LAS PIRIAS,LAS PIRIAS,,
87,73,021702,CATAC,CATAC,,
88,121,160701,BARRANCA,SAN LORENZO,,
89,120,160606,VARGAS GUERRA,ORELLANA,,
90,66,010601,SAN NICOLAS,MENDOZA,,
91,91,180101,MOQUEGUA,MOQUEGUA,,
92,74,021809,NUEVO CHIMBOTE,BUENOS AIRES,,
93,87,040505,CAYLLOMA,CAYLLOMA,,
94,101,210602,COJATA,COJATA,,
95,159,060110,MATARA,MATARA,,
96,11,120420,MUQUI,MUQUI,,
97,187,021010,PAUCAS,PAUCAS,,
98,92,180205,LA CAPILLA,LA CAPILLA,,
99,1,030104,CURAHUASI,CURAHUASI,,
100,156,050905,HUACAÑA,HUACAÑA,,
101,110,061112,TONGOD,TONGOD,,
102,43,090118,ASCENSION,ASCENSION,,
103,157,051006,CAYARA,CAYARA,,
104,78,030305,OROPESA,OROPESA,,
105,93,180301,ILO,ILO,,
106,144,220204,HUALLAGA,LEDOY,,
107,41,081210,OCONGATE,OCONGATE,,
108,41,081202,ANDAHUAYLILLAS,ANDAHUAYLILLAS,,
216,173,080308,PUCYURA,PUCYURA,,
109,7,110507,SAN CLEMENTE,SAN CLEMENTE,,
110,94,190102,HUACHON,HUACHON,,
111,134,230109,SAMA,LAS YARAS,,
112,84,040201,CAMANA,CAMANA,,
113,73,021707,PAMPAS CHICO,PAMPAS CHICO,,
114,28,151015,HUANGASCAR,HUANGASCAR,,
115,94,190104,HUAYLLAY,HUAYLLAY,,
116,82,030710,SANTA ROSA,SANTA ROSA,,
117,83,040111,MOLLEBAYA,MOLLEBAYA,,
118,94,190110,TICLACAYAN,TICLACAYAN,,
119,94,190109,SIMON BOLIVAR,SAN ANTONIO DE RANCAS,,
120,83,040117,SACHACA,SACHACA,,
121,42,081302,CHINCHERO,CHINCHERO,,
122,25,150721,SAN LORENZO DE QUINTI,SAN LORENZO DE QUINTI,,
123,31,010105,CHILIQUIN,CHILIQUIN,,
124,85,040303,ATICO,ATICO,,
125,185,020803,COMANDANTE NOEL,PUERTO CASMA,,
126,31,010107,GRANADA,GRANADA,,
127,174,120906,SAN JUAN DE ISCOS,ISCOS,,
128,19,150116,LINCE,LINCE,,
129,125,170302,IBERIA,IBERIA,,
130,164,021301,PISCOBAMBA,PISCOBAMBA,,
131,152,050502,ANCO,CHIQUINTIRCA,,
132,80,030501,TAMBOBAMBA,TAMBOBAMBA,,
133,79,030405,COLCABAMBA,COLCABAMBA,,
134,171,230201,CANDARAVE,CANDARAVE,,
135,86,040401,APLAO,APLAO,,
136,123,170101,TAMBOPATA,PUERTO MALDONADO,,
137,31,010104,CHETO,CHETO,,
138,81,030602,ANCO_HUALLO,URIPA,,
139,109,061002,CHANCAY,CHANCAY,,
140,87,040520,MAJES,EL PEDREGAL,,
141,87,040519,YANQUE,YANQUE,,
142,145,040602,ANDARAY,ANDARAY,,
143,145,040603,CAYARANI,CAYARANI,,
144,137,240105,SAN JACINTO,SAN JACINTO,,
145,102,210704,NICASIO,NICASIO,,
146,77,030214,SAN MIGUEL DE CHACCRAMPA,CHACCRAMPA,,
147,137,240104,PAMPAS DE HOSPITAL,PAMPAS DE HOSPITAL,,
148,77,030204,HUANCARAMA,HUANCARAMA,,
149,19,150138,SANTA MARIA DEL MAR,SANTA MARIA DEL MAR,,
150,140,250103,IPARIA,IPARIA,,
151,23,150515,SANTA CRUZ DE FLORES,SANTA CRUZ DE FLORES,,
152,36,080703,CHAMACA,CHAMACA,,
153,7,110504,INDEPENDENCIA,INDEPENDENCIA,,
154,132,220911,PAPAPLAYA,PAPAPLAYA,,
155,128,220506,PINTO RECODO,PINTO RECODO,,
156,83,040115,QUEQUEÑA,QUEQUEÑA,,
157,94,190107,PAUCARTAMBO,PAUCARTAMBO,,
158,86,040405,CHILCAYMARCA,CHILCAYMARCA,,
159,177,020402,ACOCHACA,ACOCHACA,,
160,89,060809,SALLIQUE,SALLIQUE,,
161,44,090208,ROSARIO,ROSARIO,,
162,79,030406,COTARUSE,COTARUSE,,
163,118,160403,YAVARI,AMELIA /14,,
164,94,190103,HUARIACA,HUARIACA,,
165,85,040301,CARAVELI,CARAVELI,,
166,166,021507,LLAPO,LLAPO,,
167,87,040512,MACA,MACA,,
168,55,100401,HUACAYBAMBA,HUACAYBAMBA,,
169,142,250305,ALEXANDER VON HUMBOLDT,ALEXANDER VON HUMBOLDT,,
170,142,250304,NESHUYA,MONTE ALEGRE,,
171,159,060103,CHETILLA,CHETILLA,,
172,68,020107,LA LIBERTAD,CAJAMARQUILLA,,
173,172,210108,HUATA,HUATA,,
174,154,050705,PULLO,PULLO,,
175,153,050621,SANTA LUCIA,SANTA LUCIA,,
176,155,050806,OYOLO,OYOLO,,
177,87,040506,COPORAQUE,COPORAQUE,,
178,95,190205,SAN PEDRO DE PILLAO,SAN PEDRO DE PILLAO,,
179,123,170104,LABERINTO,PUERTO ROSARIO DE LABERINTO,,
180,133,221004,SHUNTE,TAMBO DE PAJA /18,,
181,102,210701,LAMPA,LAMPA,,
182,157,051009,HUANCARAYLLA,HUANCARAYLLA,,
183,95,190207,TAPUC,TAPUC,,
184,41,081211,OROPESA,OROPESA,,
185,44,090202,ANDABAMBA,ANDABAMBA,,
186,10,120301,CHANCHAMAYO,LA MERCED,,
187,96,190305,POZUZO,POZUZO,,
188,96,190304,PALCAZU,ISCOZACIN,,
189,158,051103,CARHUANCA,CARHUANCA,,
190,132,220904,CHAZUTA,CHAZUTA,,
191,159,060107,LLACANORA,LLACANORA,,
192,77,030202,ANDARAPA,ANDARAPA,,
193,83,040109,MARIANO MELGAR,MARIANO MELGAR,,
194,25,150701,MATUCANA,MATUCANA,,
195,161,060305,JORGE CHAVEZ,LUCMAPAMPA,,
196,34,080505,LAYO,LAYO,,
197,9,120207,HEROINAS TOLEDO,SAN ANTONIO DE OCOPA,,
198,88,060611,SANTA CRUZ,SANTA CRUZ,,
199,65,010511,MARIA,MARIA,,
200,162,060404,CHIGUIRIP,CHIGUIRIP,,
201,94,190106,PALLANCHACRA,PALLANCHACRA,,
202,103,210801,AYAVIRI,AYAVIRI,,
203,131,220803,ELIAS SOPLIN VARGAS,SEGUNDA JERUSALEN-AZUNGUILLO,,
204,38,080915,KUMPIRUSHIATO,KEPASHIATO,,
205,157,051007,COLCA,COLCA,,
206,65,010519,SAN JUAN DE LOPECANCHA,SAN JUAN DE LOPECANCHA,,
207,103,210806,NUÑOA,NUÑOA,,
208,103,210805,MACARI,MACARI,,
209,104,210901,MOHO,MOHO,,
210,10,120305,SAN RAMON,SAN RAMON,,
211,43,090105,CUENCA,CUENCA,,
212,46,090410,SAN JUAN,SAN JUAN,,
213,30,070104,LA PERLA,LA PERLA,,
214,163,060508,YONAN,TEMBLADERA,,
215,74,021802,CACERES DEL PERU,JIMBE,,
217,89,060801,JAEN,JAEN,,
218,196,200603,IGNACIO ESCUDERO,SAN JACINTO,,
219,87,040517,TISCO,TISCO,,
220,86,040410,PAMPACOLCA,PAMPACOLCA,,
221,75,021901,SIHUAS,SIHUAS,,
222,172,210106,CHUCUITO,CHUCUITO,,
223,107,211209,ALTO INAMBARI,MASSIAPO,,
224,181,210301,MACUSANI,MACUSANI,,
225,108,211304,CUTURAPI,SAN JUAN DE CUTURAPI,,
226,86,040411,TIPAN,TIPAN,,
227,86,040414,VIRACO,VIRACO,,
228,19,150105,BREÑA,BREÑA,,
229,29,061311,YAUYUCAN,YAUYUCAN,,
230,36,080701,SANTO TOMAS,SANTO TOMAS,,
231,30,070106,VENTANILLA,VENTANILLA,,
232,112,130206,RAZURI,PUERTO DE MALABRIGO,,
233,115,160102,ALTO NANAY,SANTA MARIA DE NANAY,,
234,38,080905,OCOBAMBA,OCOBAMBA /7,,
235,83,040122,SOCABAYA,SOCABAYA,,
236,163,060503,CUPISNIQUE,TRINIDAD,,
237,108,211306,TINICACHI,TINICACHI,,
238,11,120401,JAUJA,JAUJA,,
239,29,061306,NINABAMBA,NINABAMBA,,
240,191,080107,SAYLLA,SAYLLA,,
241,183,210505,CONDURIRI,CONDURIRI,,
242,17,140201,FERREÑAFE,FERREÑAFE,,
243,168,250401,PURUS,ESPERANZA,,
244,83,040126,YANAHUARA,YANAHUARA,,
245,37,080803,COPORAQUE,COPORAQUE,,
246,152,050505,CHUNGUI,CHUNGUI,,
247,112,130201,ASCOPE,ASCOPE,,
248,181,210306,CRUCERO,CRUCERO,,
249,134,230110,CORONEL GREGORIO ALBARRACIN LANCHIPA,ALFONSO UGARTE,,
250,132,220902,ALBERTO LEVEAU,UTCURARCA,,
251,29,061308,SAUCEPAMPA,SAUCEPAMPA,,
252,28,151005,AZANGARO,AZANGARO,,
253,109,061004,GREGORIO PITA,PAUCAMARCA,,
254,3,110114,YAUCA DEL ROSARIO,CURIS /9,,
255,35,080602,CHECACUPE,CHECACUPE,,
256,97,200114,TAMBO GRANDE,TAMBO GRANDE,,
257,35,080605,PITUMARCA,PITUMARCA,,
258,45,090301,LIRCAY,LIRCAY,,
259,8,120108,CHONGOS ALTO,CHONGOS ALTO,,
260,69,020204,LA MERCED,LA MERCED,,
261,158,051107,SAURAMA,SAURAMA,,
262,37,080801,ESPINAR,YAURI,,
263,37,080805,PALLPATA,HECTOR TEJADA,,
264,4,110210,SUNAMPE,SUNAMPE,,
265,15,120804,MARCAPOMACOCHA,MARCAPOMACOCHA,,
266,11,120429,SAN PEDRO DE CHUNAN,SAN PEDRO DE CHUNAN,,
267,33,080408,YANATILE,QUEBRADA HONDA,,
268,43,090103,ACORIA,ACORIA,,
269,134,230108,POCOLLAY,POCOLLAY,,
270,83,040123,TIABAYA,TIABAYA,,
271,7,110505,PARACAS,PARACAS,,
272,16,140113,REQUE,REQUE,,
273,136,230407,TARUCACHI,TARUCACHI,,
274,172,210112,PLATERIA,PLATERIA,,
275,30,070102,BELLAVISTA,BELLAVISTA,,
276,48,090601,HUAYTARA,HUAYTARA,,
277,52,021104,HUAYAN,HUAYAN,,
278,2,101102,CAHUAC,CAHUAC,,
279,111,130107,MOCHE,MOCHE,,
280,43,090111,MARISCAL CACERES,MARISCAL CACERES,,
281,19,150108,CHORRILLOS,CHORRILLOS,,
282,11,120419,MONOBAMBA,MONOBAMBA,,
283,169,061203,SAN LUIS,SAN LUIS GRANDE,,
284,11,120424,PANCAN,PANCAN,,
285,132,220901,TARAPOTO,TARAPOTO,,
286,161,060303,CORTEGANA,CHIMUCH (CORTEGANA),,
287,116,160206,LAGUNAS,LAGUNAS,,
288,187,021014,SAN MARCOS,SAN MARCOS,,
289,132,220914,SHAPAJA,SHAPAJA,,
290,45,090307,HUANCA-HUANCA,HUANCA-HUANCA,,
291,107,211210,SAN PEDRO DE PUTINA PUNCO,PUTINA PUNCO,,
292,38,080908,SANTA TERESA,SANTA TERESA,,
293,173,080303,CACHIMAYO,CACHIMAYO,,
294,107,211203,LIMBANI,LIMBANI,,
295,40,081104,COLQUEPATA,COLQUEPATA,,
296,48,090613,SANTIAGO DE CHOCORVOS,SANTIAGO DE CHOCORVOS,,
297,41,081209,MARCAPATA,MARCAPATA,,
298,182,210402,DESAGUADERO,DESAGUADERO,,
299,68,020101,HUARAZ,HUARAZ,,
300,13,120601,SATIPO,SATIPO,,
301,12,120504,ULCUMAYO,ULCUMAYO,,
302,81,030608,RANRACANCHA,RANRACANCHA,,
303,39,081009,YAURISQUE,YAURISQUE,,
304,21,150301,CAJATAMBO,CAJATAMBO,,
305,13,120605,PAMPA HERMOSA,MARIPOSA,,
306,14,120704,HUASAHUASI,HUASAHUASI,,
307,14,120708,SAN PEDRO DE CAJAS,SAN PEDRO DE CAJAS,,
308,58,100702,CHOLON,SAN PEDRO DE CHONTA,,
309,136,230404,ESTIQUE-PAMPA,ESTIQUE-PAMPA,,
310,4,110205,EL CARMEN,EL CARMEN,,
311,15,120807,SANTA BARBARA DE CARHUACAYAN,SANTA BARBARA DE CARHUACAYAN,,
312,111,130103,FLORENCIA DE MORA,FLORENCIA DE MORA,,
313,146,040703,DEAN VALDIVIA,LA CURVA,,
314,40,081101,PAUCARTAMBO,PAUCARTAMBO,,
315,91,180103,CUCHUMBAYA,CUCHUMBAYA,,
316,42,081306,OLLANTAYTAMBO,OLLANTAYTAMBO,,
317,193,130808,PARCOY,PARCOY,,
318,93,180302,EL ALGARROBAL,EL ALGARROBAL,,
319,41,081203,CAMANTI,QUINCE MIL,,
320,100,200406,SALITRAL,SALITRAL,,
321,77,030203,CHIARA,CHIARA,,
322,136,230405,SITAJARA,SITAJARA,,
323,115,160107,NAPO,SANTA CLOTILDE,,
324,115,160110,TORRES CAUSANA,PANTOJA,,
325,165,021407,LLIPA,LLIPA,,
326,79,030413,SORAYA,SORAYA,,
327,55,100403,COCHABAMBA,COCHABAMBA,,
328,56,100507,MONZON,MONZON,,
329,96,190308,CONSTITUCION,CONSTITUCION,,
330,57,100603,HERMILIO VALDIZAN,HERMILIO VALDIZAN,,
331,57,100602,DANIEL ALOMIA ROBLES,DANIEL ALOMIA ROBLES (PUMAHUASI),,
332,25,150724,SAN PEDRO DE CASTA,SAN PEDRO DE CASTA,,
333,65,010517,SAN FRANCISCO DEL YESO,SAN FRANCISCO DEL YESO,,
334,59,100802,CHAGLLA,CHAGLLA,,
335,41,081201,URCOS,URCOS,,
336,77,030213,SAN JERONIMO,SAN JERONIMO,,
337,33,080407,TARAY,TARAY,,
338,5,110301,NASCA,NASCA,,
339,54,100307,CHUQUIS,CHUQUIS,,
340,196,200602,BELLAVISTA,BELLAVISTA,,
341,196,200601,SULLANA,SULLANA,,
342,8,120119,HUANCAN,HUANCAN,,
343,79,030417,YANACA,YANACA,,
344,3,110105,PACHACUTEC,PAMPA DE TATE,,
345,196,200604,LANCONES,LANCONES,,
346,3,110109,SAN JOSE DE LOS MOLINOS,SAN JOSE DE LOS MOLINOS,,
347,15,120810,YAULI,YAULI,,
348,3,110113,TATE,TATE DE LA CAPILLA,,
349,3,110111,SANTIAGO,SANTIAGO,,
350,133,221005,UCHIZA,UCHIZA,,
351,87,040501,CHIVAY,CHIVAY,,
352,185,020801,CASMA,CASMA,,
353,87,040509,ICHUPAMPA,ICHUPAMPA,,
354,65,010520,SANTA CATALINA,SANTA CATALINA,,
355,78,030302,EL ORO,AYAHUAY,,
356,91,180104,SAMEGUA,SAMEGUA,,
357,35,080608,TINTA,TINTA,,
358,7,110501,PISCO,PISCO,,
359,144,220202,ALTO BIAVO,CUZCO,,
360,140,250101,CALLERIA,PUCALLPA,,
361,8,120129,SAN AGUSTIN,SAN AGUSTIN,,
362,87,040513,MADRIGAL,MADRIGAL,,
363,129,220605,PAJARILLO,PAJARILLO,,
364,8,120116,HUACRAPUQUIO,HUACRAPUQUIO,,
365,8,120130,SAN JERONIMO DE TUNAN,SAN JERONIMO DE TUNAN,,
366,178,131001,SANTIAGO DE CHUCO,SANTIAGO DE CHUCO,,
367,136,230402,HEROES ALBARRACIN,CHUCATAMANI,,
368,171,230204,CURIBAYA,CURIBAYA,,
369,104,210904,TILALI,TILALI,,
370,104,210902,CONIMA,CONIMA,,
371,87,040518,TUTI,TUTI,,
372,11,120405,CANCHAYLLO,CANCHAYLLO,,
373,11,120403,APATA,APATA,,
374,11,120413,LEONOR ORDOÑEZ,HUANCANI,,
375,132,220912,SAN ANTONIO,SAN ANTONIO,,
376,171,230202,CAIRANI,CAIRANI,,
377,11,120416,MASMA,MASMA,,
378,99,200301,HUANCABAMBA,HUANCABAMBA,,
379,115,160113,SAN JUAN BAUTISTA,SAN JUAN,,
380,116,160202,BALSAPUERTO,BALSAPUERTO,,
381,187,021004,CHAVIN DE HUANTAR,CHAVIN DE HUANTAR,,
382,151,050403,HUAMANGUILLA,HUAMANGUILLA,,
383,151,050404,IGUAIN,MACACHACRA,,
384,84,040206,OCOÑA,OCOÑA,,
385,142,250301,PADRE ABAD,AGUAYTIA,,
386,60,100901,PUERTO INCA,PUERTO INCA,,
387,101,210605,PUSI,PUSI,,
388,81,030607,URANMARCA,URANMARCA,,
389,79,030408,JUSTO APU SAHUARAURA,PICHIHUA,,
390,194,130901,HUAMACHUCO,HUAMACHUCO,,
391,73,021709,TAPACOCHA,TAPACOCHA,,
392,171,230203,CAMILACA,ALTO CAMILACA,,
393,175,130610,PARANDAY,PARANDAY,,
394,43,090115,PILCHACA,PILCHACA,,
395,146,040705,MEJIA,MEJIA,,
396,155,050809,SAN JOSE DE USHUA,SAN JOSE DE USHUA,,
397,180,210208,MUÑANI,MUÑANI,,
398,180,210209,POTONI,POTONI,,
399,190,060702,CHUGUR,CHUGUR,,
400,193,130811,SANTIAGO DE CHALLAS,CHALLAS,,
401,152,050512,UNION PROGRESO,SAN ANTONIO,,
402,142,250303,CURIMANA,CURIMANA,,
403,189,020305,MIRGAS,MIRGAS,,
404,74,021803,COISHCO,COISHCO,,
405,84,040202,JOSE MARIA QUIMPER,EL CARDO,,
406,139,240301,ZARUMILLA,ZARUMILLA,,
407,89,060804,COLASAY,COLASAY,,
408,116,160211,TENIENTE CESAR LOPEZ ROJAS,SHUCUSHUYACU,,
409,89,060807,POMAHUACA,POMAHUACA,,
410,167,131202,CHAO,CHAO,,
411,186,020901,CORONGO,CORONGO,,
412,19,150107,CHACLACAYO,CHACLACAYO,,
413,189,020301,LLAMELLIN,LLAMELLIN,,
414,131,220805,PARDO MIGUEL,NARANJOS,,
415,186,020902,ACO,ACO,,
416,132,220907,HUIMBAYOC,HUIMBAYOC,,
417,64,010403,RIO SANTIAGO,PUERTO GALILEA,,
418,120,160605,SARAYACU,DOS DE MAYO,,
419,18,140308,OLMOS,OLMOS,,
420,19,150101,LIMA,LIMA,,
421,19,150102,ANCON,ANCON,,
422,129,220604,PACHIZA,PACHIZA,,
423,19,150109,CIENEGUILLA,CIENEGUILLA,,
424,19,150113,JESUS MARIA,JESUS MARIA,,
425,19,150120,MAGDALENA DEL MAR,MAGDALENA DEL MAR,,
426,19,150121,PUEBLO LIBRE,PUEBLO LIBRE,,
427,19,150124,PUCUSANA,PUCUSANA,,
428,43,090104,CONAYCA,CONAYCA,,
429,19,150126,PUNTA HERMOSA,PUNTA HERMOSA,,
430,19,150129,SAN BARTOLO,SAN BARTOLO,,
431,181,210310,USICAYOS,USICAYOS,,
432,19,150137,SANTA ANITA,SANTA ANITA - LOS FICUS,,
433,68,020104,HUANCHAY,HUANCHAY,,
434,8,120107,CHILCA,CHILCA,,
435,127,220405,SACANCHE,SACANCHE,,
436,98,200202,FRIAS,FRIAS,,
437,98,200206,PACAIPAMPA,PACAIPAMPA,,
438,97,200108,EL TALLAN,SINCHAO,,
439,20,150205,SUPE PUERTO,SUPE PUERTO,,
440,70,020503,ANTONIO RAYMONDI,RAQUIA,,
441,99,200303,EL CARMEN DE LA FRONTERA,SAPALACHE,,
442,7,110508,TUPAC AMARU INCA,TUPAC AMARU,,
443,23,150502,ASIA,ASIA,,
444,11,120406,CURICACA,EL ROSARIO,,
445,132,220908,JUAN GUERRA,JUAN GUERRA,,
446,132,220910,MORALES,MORALES,,
447,97,200111,LAS LOMAS,LAS LOMAS,,
448,170,200801,SECHURA,SECHURA,,
449,48,090607,PILPICHACA,PILPICHACA,,
450,83,040128,YURA,YURA,,
451,83,040119,SAN JUAN DE TARUCANI,TARUCANI,,
452,28,151007,CARANIA,CARANIA,,
453,45,090310,SAN ANTONIO DE ANTAPARCO,ANTAPARCO,,
454,25,150707,HUACHUPAMPA,SAN LORENZO DE HUACHUPAMPA,,
455,151,050406,SANTILLANA,SAN JOSE DE SECCE,,
456,153,050617,SAN PEDRO,SAN PEDRO,,
457,23,150514,SAN LUIS,SAN LUIS,,
458,24,150604,AUCALLAMA,AUCALLAMA,,
459,83,040129,JOSE LUIS BUSTAMANTE Y RIVERO,CIUDAD SATELITE,,
460,24,150603,ATAVILLOS BAJO,SAN AGUSTIN DE HUAYOPAMPA,,
461,157,051012,VILCANCHOS,VILCANCHOS,,
462,153,050619,SANCOS,SANCOS,,
463,84,040208,SAMUEL PASTOR,LA PAMPA,,
464,154,050701,CORACORA,CORACORA,,
465,92,180209,QUINISTAQUILLAS,QUINISTAQUILLAS,,
466,108,211303,COPANI,COPANI,,
467,153,050605,CHAVIÑA,CHAVIÑA,,
468,153,050612,OCAÑA,OCAÑA,,
469,92,180201,OMATE,OMATE,,
470,92,180203,COALAQUE,COALAQUE,,
471,156,050911,SORAS,SORAS,,
472,191,080106,SANTIAGO,SANTIAGO,,
473,90,060901,SAN IGNACIO,SAN IGNACIO,,
474,46,090401,CASTROVIRREYNA,CASTROVIRREYNA,,
475,148,050104,CARMEN ALTO,CARMEN ALTO,,
476,26,150805,HUALMAY,HUALMAY,,
477,149,050202,CHUSCHI,CHUSCHI,,
478,73,021710,TICAPAMPA,TICAPAMPA,,
479,58,100701,HUACRACHUCO,HUACRACHUCO,,
480,57,100601,RUPA-RUPA,TINGO MARIA,,
481,83,040113,POCSI,POCSI,,
482,83,040106,CHIGUATA,CHIGUATA,,
483,171,230206,QUILAHUANI,QUILAHUANI,,
484,83,040107,JACOBO HUNTER,JACOBO HUNTER,,
485,83,040116,SABANDIA,SABANDIA,,
486,57,100606,MARIANO DAMASO BERAUN,LAS PALMAS,,
487,140,250106,NUEVA REQUENA,NUEVA REQUENA,,
488,140,250102,CAMPOVERDE,CAMPO VERDE,,
489,120,160601,CONTAMANA,CONTAMANA,,
490,86,040404,CHACHAS,CHACHAS,,
491,112,130207,SANTIAGO DE CAO,SANTIAGO DE CAO,,
492,11,120404,ATAURA,ATAURA,,
493,38,080902,ECHARATE,ECHARATE,,
494,57,100604,JOSE CRESPO Y CASTILLO,AUCAYACU,,
495,83,040110,MIRAFLORES,MIRAFLORES,,
496,88,060601,CUTERVO,CUTERVO,,
497,83,040105,CHARACATO,CHARACATO,,
498,112,130204,MAGDALENA DE CAO,MAGDALENA DE CAO,,
499,29,061302,ANDABAMBA,ANDABAMBA,,
500,112,130203,CHOCOPE,CHOCOPE,,
501,162,060408,CONCHAN,CONCHAN,,
502,129,220603,HUICUNGO,HUICUNGO,,
503,134,230103,CALANA,CALANA,,
504,195,200507,VICHAYAL,SAN FELIPE DE VICHAYAL,,
505,57,100607,PUCAYACU,PUCAYACU,,
506,92,180206,LLOQUE,LLOQUE,,
507,57,100609,PUEBLO NUEVO,PUEBLO NUEVO,,
508,142,250302,IRAZOLA,SAN ALEJANDRO,,
509,70,020505,CAJACAY,CAJACAY,,
510,81,030612,AHUAYRO,AHUAYRO,,
511,112,130202,CHICAMA,CHICAMA,,
512,146,040704,ISLAY,ISLAY (MATARANI),,
513,91,180106,TORATA,TORATA,,
514,113,130303,CONDORMARCA,CONDORMARCA /12,,
515,129,220602,CAMPANILLA,CAMPANILLA,,
516,165,021404,CARHUAPAMPA,ACO,,
517,71,020609,SHILLA,SHILLA,,
518,179,131101,CASCAS,CASCAS,,
519,181,210304,COASA,COASA,,
520,50,100106,QUISQUI (KICHKI),HUANCAPALLAC,,
521,96,190303,HUANCABAMBA,HUANCABAMBA,,
522,22,150405,LACHAQUI,LACHAQUI,,
523,7,110506,SAN ANDRES,SAN ANDRES,,
524,19,150134,SAN LUIS,SAN LUIS,,
525,146,040702,COCACHACRA,COCACHACRA,,
526,146,040701,MOLLENDO,MOLLENDO,,
527,91,180102,CARUMAS,CARUMAS,,
528,84,040207,QUILCA,QUILCA,,
529,7,110502,HUANCANO,HUANCANO,,
530,89,060802,BELLAVISTA,BELLAVISTA,,
531,88,060607,QUEROCOTILLO,QUEROCOTILLO,,
532,191,080103,POROY,POROY,,
533,108,211307,UNICACHI,MARCAJA,,
534,53,021207,PUEBLO LIBRE,PUEBLO LIBRE /1,,
535,139,240303,MATAPALO,MATAPALO,,
536,67,010703,CUMBA,CUMBA,,
754,172,210107,COATA,COATA,,
537,97,200110,LA UNION,LA UNION,,
538,152,050504,CHILCAS,CHILCAS,,
539,67,010707,YAMON,YAMON,,
540,188,200704,LOBITOS,LOBITOS,,
541,45,090311,SANTO TOMAS DE PATA,SANTO TOMAS DE PATA,,
542,47,090511,COSME,SANTA CLARA DE COSME,,
543,56,100510,SINGA,SINGA,,
544,176,130704,PACASMAYO,PACASMAYO,,
545,27,150902,ANDAJES,ANDAJES,,
546,10,120303,PICHANAQUI,BAJO PICHANAQUI,,
547,94,190105,NINACACA,NINACACA,,
548,10,120302,PERENE,PERENE,,
549,26,150812,VEGUETA,VEGUETA,,
550,45,090302,ANCHONGA,ANCHONGA,,
551,175,130608,MACHE,MACHE,,
552,21,150303,GORGOR,GORGOR,,
553,145,040608,YANAQUIHUA,YANAQUIHUA,,
554,147,040804,HUAYNACOTAS,TAURISMA,,
555,18,140309,PACORA,PACORA,,
556,19,150139,SANTA ROSA,SANTA ROSA,,
557,157,051002,ALCAMENCA,ALCAMENCA,,
558,155,050803,CORCULLA,CORCULLA,,
559,180,210202,ACHAYA,ACHAYA,,
560,180,210205,CAMINACA,CAMINACA,,
561,32,080204,MOSOC LLACTA,MOSOC LLACTA,,
562,120,160603,PADRE MARQUEZ,TIRUNTAN,,
563,28,151027,SAN PEDRO DE PILAS,SAN PEDRO DE PILAS,,
564,25,150723,SAN MATEO DE OTAO,SAN JUAN DE LANCA,,
565,9,120206,COMAS,COMAS,,
566,71,020611,YUNGAR,YUNGAR,,
567,45,090308,HUAYLLAY GRANDE,HUAYLLAY GRANDE,,
568,50,100112,YACUS,YACUS,,
569,35,080606,SAN PABLO,SAN PABLO,,
570,19,150119,LURIN,LURIN,,
571,155,050810,SARA SARA,QUILCATA,,
572,8,120117,HUALHUAS,HUALHUAS,,
573,71,020607,PARIAHUANCA,PARIAHUANCA,,
574,36,080705,LIVITACA,LIVITACA,,
575,71,020602,ACOPAMPA,ACOPAMPA,,
576,155,050805,MARCABAMBA,MARCABAMBA,,
577,155,050808,SAN JAVIER DE ALPABAMBA,SAN JAVIER DE ALPABAMBA,,
578,81,030609,ROCCHACC,ROCCHACC,,
579,31,010102,ASUNCION,ASUNCION,,
580,154,050707,SAN FRANCISCO DE RAVACAYCO,SAN FRANCISCO DE RAVACAYCO,,
581,121,160702,CAHUAPANAS,SANTA MARIA DE CAHUAPANAS,,
582,43,090102,ACOBAMBILLA,ACOBAMBILLA,,
583,153,050607,HUAC-HUAS,HUAC-HUAS,,
584,143,220101,MOYOBAMBA,MOYOBAMBA,,
585,71,020610,TINCO,TINCO,,
586,123,170102,INAMBARI,MAZUKO,,
587,38,080909,VILCABAMBA,LUCMA,,
588,156,050910,SANTIAGO DE PAUCARAY,SANTIAGO DE PAUCARAY,,
589,151,050412,CHACA,CHACA,,
590,122,160801,PUTUMAYO,SAN ANTONIO DEL ESTRECHO,,
591,125,170303,TAHUAMANU,SAN LORENZO,,
592,57,100608,CASTILLO GRANDE,CASTILLO GRANDE,,
593,38,080914,MEGANTONI,CAMISEA,,
594,141,250201,RAIMONDI,ATALAYA,,
595,49,090725,COCHABAMBA,COCHABAMBA GRANDE,,
596,151,050413,PUTIS,RODEO,,
597,166,021506,LACABAMBA,LACABAMBA,,
598,27,150901,OYON,OYON,,
599,62,010204,EL PARCO,EL PARCO,,
600,152,050515,PATIBAMBA,PATIBAMBA,,
601,38,080916,CIELO PUNCO,CHIRUMPIARI,,
602,59,100801,PANAO,PANAO,,
603,56,100501,LLATA,LLATA,,
604,141,250203,TAHUANIA,BOLOGNESI,,
605,105,211002,ANANEA,ANANEA,,
606,105,211001,PUTINA,PUTINA,,
607,38,080917,MANITEA,TAWANTINSUYO,,
608,38,080918,UNION ASHANINKA,MANTARO,,
609,64,010401,NIEVA,SANTA MARIA DE NIEVA,,
610,83,040102,ALTO SELVA ALEGRE,SELVA ALEGRE,,
611,42,081307,YUCAY,YUCAY,,
612,129,220601,JUANJUI,JUANJUI,,
613,25,150713,MARIATANA,MARIATANA,,
614,126,220303,SAN MARTIN,SAN MARTIN,,
615,99,200304,HUARMACA,HUARMACA,,
616,11,120415,MARCO,MARCO,,
617,56,100505,JIRCAN,JIRCAN,,
618,103,210802,ANTAUTA,ANTAUTA,,
619,184,020703,YAUYA,YAUYA,,
620,164,021306,LLUMPA,LLUMPA,,
621,22,150407,SANTA ROSA DE QUIVES,YANGAS,,
622,53,021205,MATO,SUCRE,,
623,73,021704,HUAYLLAPAMPA,HUAYLLAPAMPA,,
624,147,040811,TORO,TORO,,
625,16,140120,TUMAN,TUMAN,,
626,130,220702,BUENOS AIRES,BUENOS AIRES,,
627,124,170201,MANU,SALVACION,,
628,28,151017,HUAÑEC,HUAÑEC,,
629,9,120211,MITO,MITO,,
630,86,040406,CHOCO,CHOCO,,
631,89,060808,PUCARA,PUCARA,,
632,18,140310,SALAS,SALAS,,
633,124,170204,HUEPETUHE,HUEPETUHE,,
634,43,090101,HUANCAVELICA,HUANCAVELICA,,
635,40,081106,KOSÑIPATA,PILLCOPATA,,
636,123,170103,LAS PIEDRAS,LAS PIEDRAS (PLANCHON),,
637,30,070101,CALLAO,CALLAO,,
638,132,220903,CACATACHI,CACATACHI,,
639,8,120136,VIQUES,VIQUES,,
640,61,101001,JESUS,JESUS,,
641,3,110103,LOS AQUIJES,LOS AQUIJES,,
642,36,080708,VELILLE,VELILLE,,
643,25,150706,CUENCA,SAN JOSE DE LOS CHORRILLOS,,
644,3,110110,SAN JUAN BAUTISTA,SAN JUAN BAUTISTA,,
645,11,120428,SAN LORENZO,SAN LORENZO,,
646,48,090612,SAN ISIDRO,SAN JUAN DE HUIRPACANCHA,,
647,8,120122,INGENIO,INGENIO,,
648,120,160604,PAMPA HERMOSA,PAMPA HERMOSA,,
649,25,150732,SURCO,SURCO,,
650,11,120414,LLOCLLAPAMPA,LLOCLLAPAMPA,,
651,188,200705,LOS ORGANOS,LOS ORGANOS,,
652,47,090509,SAN PEDRO DE CORIS,SAN PEDRO DE CORIS,,
653,11,120423,PACCHA,PACCHA,,
654,25,150718,SAN DAMIAN,SAN DAMIAN,,
655,63,010309,SAN CARLOS,SAN CARLOS,,
656,148,050112,SOCOS,SOCOS,,
657,181,210305,CORANI,CORANI,,
658,165,021408,SAN CRISTOBAL DE RAJAN,RAJAN,,
659,125,170301,IÑAPARI,IÑAPARI,,
660,74,021801,CHIMBOTE,CHIMBOTE,,
661,12,120501,JUNIN,JUNIN,,
662,65,010523,TRITA,TRITA,,
663,170,200805,VICE,VICE,,
664,90,060903,HUARANGO,HUARANGO,,
665,64,010402,EL CENEPA,HUAMPAMI,,
666,90,060902,CHIRINOS,CHIRINOS,,
667,98,200204,LAGUNAS,LAGUNAS,,
668,150,050301,SANCOS,HUANCA SANCOS,,
669,51,100203,COLPAS,COLPAS,,
670,16,140112,PIMENTEL,PIMENTEL,,
671,122,160803,TENIENTE MANUEL CLAVERO,SOPLIN VARGAS,,
672,51,100205,HUACAR,HUACAR,,
673,187,021012,RAHUAPAMPA,RAHUAPAMPA,,
674,56,100511,TANTAMAYO,TANTAMAYO,,
675,8,120121,HUAYUCACHI,HUAYUCACHI,,
676,90,060905,NAMBALLE,NAMBALLE,,
677,90,060906,SAN JOSE DE LOURDES,SAN JOSE DE LOURDES,,
678,169,061201,SAN PABLO,SAN PABLO,,
679,110,061110,SAN GREGORIO,SAN GREGORIO,,
680,110,061105,EL PRADO,EL PRADO,,
681,144,220206,SAN RAFAEL,SAN RAFAEL,,
682,19,150123,PACHACAMAC,PACHACAMAC,,
683,148,050101,AYACUCHO,AYACUCHO,,
684,30,070107,MI PERU,MI PERU,,
685,68,020112,TARICA,TARICA,,
686,128,220509,SHANAO,SHANAO,,
687,187,021007,HUACHIS,HUACHIS,,
688,71,020604,ANTA,ANTA,,
689,71,020608,SAN MIGUEL DE ACO,ACO,,
690,187,021009,MASIN,MASIN,,
691,187,021011,PONTO,PONTO,,
692,124,170202,FITZCARRALD,BOCA MANU,,
693,82,030711,TURPAY,TURPAY,,
694,65,010510,LUYA VIEJO,LUYA VIEJO,,
695,108,211302,ANAPIA,ANAPIA,,
696,182,210401,JULI,JULI,,
697,172,210101,PUNO,PUNO,,
698,159,060104,COSPAN,COSPAN,,
699,30,070105,LA PUNTA,LA PUNTA,,
700,31,010117,QUINJALCA,QUINJALCA,,
701,82,030709,SAN ANTONIO,SAN ANTONIO,,
702,34,080506,PAMPAMARCA,PAMPAMARCA,,
703,172,210102,ACORA,ACORA,,
704,50,100103,CHINCHAO,ACOMAYO,,
705,19,150117,LOS OLIVOS,LAS PALMERAS,,
706,19,150110,COMAS,LA LIBERTAD,,
707,15,120802,CHACAPALPA,CHACAPALPA,,
708,15,120803,HUAY-HUAY,HUAY-HUAY,,
709,11,120422,PACA,PACA,,
710,11,120433,YAULI,YAULI,,
711,26,150803,CALETA DE CARQUIN,CALETA DE CARQUIN,,
712,22,150402,ARAHUAY,ARAHUAY,,
713,29,061307,PULAN,PULAN,,
714,13,120608,RIO TAMBO,PUERTO OCOPA,,
715,190,060703,HUALGAYOC,HUALGAYOC,,
716,70,020514,SAN MIGUEL DE CORPANQUI,CORPANQUI,,
717,19,150115,LA VICTORIA,LA VICTORIA,,
718,77,030207,KISHUARA,KISHUARA,,
719,28,151033,VITIS,VITIS,,
720,68,020111,PIRA,PIRA,,
721,194,130903,COCHORCO,ARICAPAMPA,,
722,133,221003,POLVORA,POLVORA,,
723,66,010604,HUAMBO,HUAMBO,,
724,98,200201,AYABACA,AYABACA,,
725,188,200701,PARIÑAS,TALARA,,
726,31,010109,LA JALCA,LA JALCA,,
727,143,220104,JEPELACIO,JEPELACIO,,
728,31,010118,SAN FRANCISCO DE DAGUAS,DAGUAS,,
729,118,160401,RAMON CASTILLA,CABALLOCOCHA,,
730,121,160705,PASTAZA,ULLPAYACU,,
731,66,010605,LIMABAMBA,LIMABAMBA,,
732,119,160502,ALTO TAPICHE,SANTA ELENA,,
733,88,060612,SANTO DOMINGO DE LA CAPILLA,SANTO DOMINGO DE LA CAPILLA,,
734,18,140312,TUCUME,TUCUME,,
735,170,200804,CRISTO NOS VALGA,SAN CRISTO,,
736,115,160106,MAZAN,MAZAN,,
737,117,160304,TROMPETEROS,VILLA TROMPETEROS,,
738,117,160303,TIGRE,INTUTU,,
739,89,060810,SAN FELIPE,SAN FELIPE,,
740,76,022006,RANRAHIRCA,RANRAHIRCA,,
741,163,060502,CHILETE,CHILETE,,
742,159,060106,JESUS,JESUS,,
743,46,090407,HUACHOS,HUACHOS,,
744,8,120105,CHACAPAMPA,CHACAPAMPA,,
745,56,100508,PUNCHAO,PUNCHAO,,
746,28,151013,HUAMPARA,HUAMPARA,,
747,19,150114,LA MOLINA,LA MOLINA,,
748,67,010702,CAJARURO,CAJARURO,,
749,174,120905,HUAMANCACA CHICO,HUAMANCACA CHICO,,
750,174,120904,HUACHAC,HUACHAC,,
751,25,150710,LAHUAYTAMBO,LAHUAYTAMBO,,
752,174,120901,CHUPACA,CHUPACA,,
753,159,060112,SAN JUAN,SAN JUAN,,
755,15,120808,SANTA ROSA DE SACCO,SANTA ROSA DE SACCO,,
756,11,120426,POMACANCHA,POMACANCHA,,
757,25,150725,SAN PEDRO DE HUANCAYRE,SAN PEDRO,,
758,11,120410,HUERTAS,HUERTAS,,
759,19,150112,INDEPENDENCIA,INDEPENDENCIA,,
760,172,210111,PICHACANI,LARAQUERI,,
761,22,150406,SAN BUENAVENTURA,SAN BUENAVENTURA,,
762,95,190201,YANAHUANCA,YANAHUANCA,,
763,61,101007,SAN MIGUEL DE CAURI,CAURI,,
764,117,160305,URARINAS,CONCORDIA,,
765,116,160201,YURIMAGUAS,YURIMAGUAS,,
766,163,060504,GUZMANGO,GUZMANGO,,
767,181,210308,OLLACHEA,OLLACHEA,,
768,49,090715,SALCAHUASI,SALCAHUASI,,
769,174,120907,SAN JUAN DE JARPA,JARPA,,
770,109,061005,ICHOCAN,ICHOCAN,,
771,176,130705,SAN JOSE,SAN JOSE,,
772,181,210307,ITUATA,ITUATA /16,,
773,172,210103,AMANTANI,AMANTANI,,
774,119,160511,YAQUERANA,ANGAMOS,,
775,163,060507,TANTARICA,CATAN,,
776,181,210303,AYAPATA,AYAPATA,,
777,159,060109,MAGDALENA,MAGDALENA,,
778,5,110304,MARCONA,SAN JUAN,,
779,49,090723,SANTIAGO DE TUCUMA,SANTIAGO DE TUCUMA,,
780,153,050608,LARAMATE,LARAMATE,,
781,35,080601,SICUANI,SICUANI,,
782,187,021015,SAN PEDRO DE CHANA,CHANA,,
783,153,050620,SANTA ANA DE HUAYCAHUACHO,SANTA ANA DE HUAYCAHUACHO,,
784,11,120407,EL MANTARO,PUCUCHO,,
785,66,010607,MARISCAL BENAVIDES,MARISCAL BENAVIDES,,
786,28,151026,SAN JOAQUIN,SAN JOAQUIN,,
787,94,190113,YANACANCHA,YANACANCHA,,
788,95,190208,VILCABAMBA,VILCABAMBA,,
789,77,030211,POMACOCHA,POMACOCHA,,
790,44,090207,POMACOCHA,POMACOCHA,,
791,65,010515,PROVIDENCIA,PROVIDENCIA,,
792,148,050105,CHIARA,CHIARA,,
793,65,010504,COLCAMAR,COLCAMAR,,
794,65,010514,PISUQUIA,YOMBLON,,
795,122,160804,YAGUAS,REMANSO,,
796,122,160802,ROSA PANDURO,SANTA MERCEDES,,
797,13,120602,COVIRIALI,COVIRIALI,,
798,82,030706,MICAELA BASTIDAS,AYRIHUANCA,,
799,99,200308,SONDORILLO,SONDORILLO,,
800,99,200307,SONDOR,SONDOR,,
801,105,211003,PEDRO VILCA APAZA,AYRAMPUNI,,
802,41,081207,HUARO,HUARO,,
803,183,210501,ILAVE,ILAVE,,
804,183,210504,SANTA ROSA,MAZO CRUZ,,
805,161,060306,JOSE GALVEZ,HUACAPAMPA,,
806,102,210708,PUCARA,PUCARA,,
807,103,210808,SANTA ROSA,SANTA ROSA,,
808,66,010603,COCHAMAL,COCHAMAL,,
809,187,021016,UCO,UCO,,
810,76,022003,MANCOS,MANCOS,,
811,128,220507,RUMISAPA,RUMISAPA,,
812,189,020304,CHINGAS,CHINGAS,,
813,187,021006,HUACCHIS,HUACCHIS,,
814,131,220802,AWAJUN,BAJO NARANJILLO,,
815,2,101103,CHACABAMBA,CHACABAMBA,,
816,138,240202,CASITAS,CAÑAVERAL,,
817,162,060405,CHIMBAN,CHIMBAN,,
818,88,060610,SAN LUIS DE LUCMA,SAN LUIS DE LUCMA,,
819,136,230401,TARATA,TARATA,,
820,194,130902,CHUGAY,CHUGAY,,
821,34,080508,TUPAC AMARU,TUNGASUCA,,
822,30,070103,CARMEN DE LA LEGUA REYNOSO,CARMEN DE LA LEGUA REYNOSO,,
823,167,131201,VIRU,VIRU,,
824,111,130105,LA ESPERANZA,LA ESPERANZA,,
825,58,100704,LA MORADA,LA MORADA,,
826,149,050205,PARAS,PARAS,,
827,79,030402,CAPAYA,CAPAYA,,
828,82,030712,VILCABAMBA,VILCABAMBA,,
829,88,060614,SOCOTA,SOCOTA,,
830,111,130104,HUANCHACO,HUANCHACO,,
831,111,130110,SIMBAL,SIMBAL,,
832,171,230205,HUANUARA,HUANUARA,,
833,175,130613,SINSICAP,SINSICAP,,
834,179,131103,MARMOT,MARMOT /13,,
835,112,130208,CASA GRANDE,CASA GRANDE,,
836,163,060505,SAN BENITO,SAN BENITO,,
837,25,150703,CALLAHUANCA,CALLAHUANCA,,
838,176,130701,SAN PEDRO DE LLOC,SAN PEDRO DE LLOC,,
839,134,230101,TACNA,TACNA,,
840,134,230102,ALTO DE LA ALIANZA,LA ESPERANZA,,
841,11,120434,YAUYOS,YAUYOS,,
842,134,230106,PACHIA,PACHIA,,
843,136,230403,ESTIQUE,ESTIQUE,,
844,134,230105,INCLAN,SAMA GRANDE,,
845,135,230301,LOCUMBA,LOCUMBA,,
846,134,230107,PALCA,PALCA,,
847,93,180303,PACOCHA,PUEBLO NUEVO,,
848,136,230408,TICACO,TICACO,,
849,135,230302,ILABAYA,ILABAYA,,
850,146,040706,PUNTA DE BOMBON,PUNTA DE BOMBON,,
851,136,230406,SUSAPAYA,SUSAPAYA,,
852,183,210502,CAPAZO,CAPAZO,,
853,182,210405,PISACOMA,PISACOMA,,
854,182,210404,KELLUYO,KELLUYO,,
855,91,180105,SAN CRISTOBAL,CALACOA,,
856,83,040127,YARABAMBA,YARABAMBA,,
857,83,040114,POLOBAYA,POLOBAYA GRANDE,,
858,92,180208,PUQUINA,PUQUINA,,
859,182,210403,HUACULLANI,HUACULLANI,,
860,83,040108,LA JOYA,LA JOYA,,
861,83,040112,PAUCARPATA,PAUCARPATA,,
862,83,040121,SANTA RITA DE SIGUAS,SANTA RITA DE SIGUAS,,
863,83,040101,AREQUIPA,AREQUIPA,,
864,92,180207,MATALAQUE,MATALAQUE,,
865,83,040124,UCHUMAYO,UCHUMAYO,,
866,11,120409,HUARIPAMPA,HUARIPAMPA,,
867,84,040205,NICOLAS DE PIEROLA,SAN GREGORIO,,
868,83,040118,SAN JUAN DE SIGUAS,SAN JUAN DE SIGUAS /2,,
869,92,180202,CHOJATA,CHOJATA,,
870,84,040204,MARISCAL CACERES,SAN JOSE,,
871,182,210406,POMATA,POMATA,,
872,86,040413,URACA,CORIRE,,
873,183,210503,PILCUYO,PILCUYO,,
874,92,180204,ICHUÑA,ICHUÑA,,
875,172,210113,SAN ANTONIO,SAN ANTONIO DE ESQUILACHE /15,,
876,87,040508,HUANCA,HUANCA,,
877,84,040203,MARIANO NICOLAS VALCARCEL,URASQUI,,
878,172,210114,TIQUILLACA,TIQUILLACA,,
879,145,040606,RIO GRANDE,IQUIPI,,
880,85,040307,CHALA,CHALA,,
881,87,040502,ACHOMA,ACHOMA,,
882,172,210110,PAUCARCOLLA,PAUCARCOLLA,,
883,43,090108,IZCUCHACA,IZCUCHACA,,
884,86,040412,UÑON,UÑON,,
885,172,210104,ATUNCOLLA,ATUNCOLLA,,
886,87,040507,HUAMBO,HUAMBO,,
887,87,040503,CABANACONDE,CABANACONDE,,
888,43,090107,HUAYLLAHUARA,HUAYLLAHUARA,,
889,106,211102,CABANA,CABANA,,
890,54,100316,QUIVILLA,QUIVILLA,,
891,86,040403,AYO,AYO,,
892,68,020103,COLCABAMBA,COLCABAMBA,,
893,85,040313,YAUCA,YAUCA,,
894,48,090604,HUAYACUNDO ARMA,HUAYACUNDO ARMA,,
895,86,040408,MACHAGUAY,MACHAGUAY,,
896,85,040304,ATIQUIPA,ATIQUIPA,,
897,102,210702,CABANILLA,CABANILLA,,
898,106,211104,CARACOTO,CARACOTO,,
899,8,120104,CARHUACALLANGA,CARHUACALLANGA,,
900,145,040604,CHICHAS,CHICHAS,,
901,86,040402,ANDAGUA,ANDAGUA,,
902,85,040306,CAHUACHO,CAHUACHO,,
903,87,040510,LARI,LARI,,
904,85,040312,QUICACHA,QUICACHA,,
905,56,100502,ARANCAY,ARANCAY,,
906,74,021805,MORO,MORO,,
907,76,022001,YUNGAY,YUNGAY,,
908,53,021203,HUATA,HUATA,,
909,74,021806,NEPEÑA,NEPEÑA,,
910,189,020303,CHACCHO,CHACCHO,,
911,53,021206,PAMPAROMAS,PAMPAROMAS,,
912,74,021808,SANTA,SANTA,,
913,53,021201,CARAZ,CARAZ,,
914,72,021603,PAROBAMBA,PAROBAMBA,,
915,103,210809,UMACHIRI,UMACHIRI,,
916,180,210201,AZANGARO,AZANGARO,,
917,105,211004,QUILCAPUNCU,QUILCAPUNCU,,
918,37,080808,ALTO PICHIGUA,ACCOCUNCA,,
919,37,080806,PICHIGUA,PICHIGUA,,
920,2,101104,APARICIO POMARES,CHUPAN,,
921,73,021701,RECUAY,RECUAY,,
922,54,100323,YANAS,YANAS,,
923,61,101004,QUEROPALCA,QUEROPALCA,,
924,16,140104,ETEN PUERTO,ETEN PUERTO,,
925,70,020501,CHIQUIAN,CHIQUIAN,,
926,127,220403,EL ESLABON,EL ESLABON,,
927,51,100201,AMBO,AMBO,,
928,114,130403,PUEBLO NUEVO,PUEBLO NUEVO,,
929,109,061007,JOSE SABOGAL,VENECIA,,
930,68,020109,PAMPAS GRANDE,PAMPAS GRANDE,,
931,166,021510,SANTA ROSA,SANTA ROSA,,
932,172,210109,MAÑAZO,MAÑAZO,,
933,50,100110,YARUMAYO,YARUMAYO,,
934,172,210115,VILQUE,VILQUE,,
935,2,101105,JACAS CHICO,SAN CRISTOBAL DE JACAS CHICO,,
936,87,040516,TAPAY,TAPAY,,
937,70,020504,AQUIA,AQUIA,,
938,54,100301,LA UNION,LA UNION,,
939,69,020205,SUCCHA,SUCCHA,,
940,2,101106,OBAS,OBAS,,
941,69,020203,HUACLLAN,HUACLLAN,,
942,54,100313,PACHAS,PACHAS,,
943,68,020110,PARIACOTO,PARIACOTO,,
944,68,020105,INDEPENDENCIA,CENTENARIO,,
945,37,080807,SUYCKUTAMBO,SUYCKUTAMBO /5,,
946,147,040805,PAMPAMARCA,MUNGUI,,
947,31,010103,BALSAS,BALSAS,,
948,130,220710,TRES UNIDOS,TRES UNIDOS,,
949,161,060304,HUASMIN,HUASMIN,,
950,162,060415,QUEROCOTO,QUEROCOTO,,
951,89,060812,SANTA ROSA,SANTA ROSA,,
952,162,060418,TOCMOCHE,TOCMOCHE,,
953,162,060416,SAN JUAN DE LICUPIS,LICUPIS,,
954,46,090406,COCAS,COCAS,,
955,187,021008,HUANTAR,HUANTAR,,
956,141,250204,YURUA,BREU,,
957,68,020102,COCHABAMBA,COCHABAMBA,,
958,185,020804,YAUTAN,YAUTAN,,
959,68,020106,JANGAS,JANGAS,,
960,160,060201,CAJABAMBA,CAJABAMBA,,
961,43,090106,HUACHOCOLPA,HUACHOCOLPA,,
962,33,080404,LARES,LARES,,
963,46,090411,SANTA ANA,SANTA ANA,,
964,36,080706,LLUSCO,LLUSCO,,
965,37,080804,OCORURO,OCORURO,,
966,36,080704,COLQUEMARCA,COLQUEMARCA,,
967,80,030506,CHALLHUAHUACHO,CHALLHUAHUACHO,,
968,46,090405,CHUPAMARCA,CHUPAMARCA,,
969,46,090404,CAPILLAS,CAPILLAS,,
970,33,080401,CALCA,CALCA,,
971,46,090409,MOLLEPAMPA,MOLLEPAMPA,,
972,162,060403,CHADIN,CHADIN,,
973,162,060411,LLAMA,LLAMA,,
974,45,090306,CONGALLA,CONGALLA,,
975,44,090203,ANTA,ANTA,,
976,65,010506,INGUILPATA,INGUILPATA,,
977,44,090201,ACOBAMBA,ACOBAMBA,,
978,77,030215,SANTA MARIA DE CHICMO,SANTA MARIA DE CHICMO,,
979,38,080901,SANTA ANA,QUILLABAMBA,,
980,28,151019,LINCHA,LINCHA,,
981,31,010108,HUANCAS,HUANCAS,,
982,102,210703,CALAPUJA,CALAPUJA,,
983,39,081001,PARURO,PARURO,,
984,39,081005,HUANOQUITE,HUANOQUITE,,
985,77,030201,ANDAHUAYLAS,ANDAHUAYLAS,,
986,35,080607,SAN PEDRO,SAN PEDRO,,
987,82,030707,PATAYPAMPA,PATAYPAMPA,,
988,79,030410,POCOHUANCA,POCOHUANCA,,
989,78,030306,PACHACONAS,PACHACONAS,,
990,149,050204,MARIA PARADO DE BELLIDO,POMABAMBA,,
991,79,030412,SAÑAYCA,SAÑAYCA,,
992,80,030504,HAQUIRA,HAQUIRA,,
993,77,030210,PAMPACHIRI,PAMPACHIRI,,
994,152,050508,TAMBO,TAMBO,,
995,38,080907,KIMBIRI,KIMBIRI,,
996,38,080910,PICHARI,PICHARI,,
997,81,030604,HUACCANA,HUACCANA,,
998,152,050511,ORONCCOY,ORONCCOY,,
999,151,050407,SIVIA,SIVIA,,
1000,151,050408,LLOCHEGUA,LLOCHEGUA,,
1001,152,050509,SAMUGARI,PALMAPAMPA,,
1002,152,050501,SAN MIGUEL,SAN MIGUEL,,
1003,152,050510,ANCHIHUAY,ANCHIHUAY,,
1004,151,050409,CANAYRE,CANAYRE,,
1005,132,220913,SAUCE,SAUCE,,
1006,31,010110,LEIMEBAMBA,LEIMEBAMBA,,
1007,160,060203,CONDEBAMBA,CAUDAY,,
1008,65,010518,SAN JERONIMO,PACLAS,,
1009,67,010705,JAMALCA,JAMALCA,,
1010,89,060811,SAN JOSE DEL ALTO,SAN JOSE DEL ALTO,,
1011,43,090113,NUEVO OCCORO,OCCORO,,
1012,115,160101,IQUITOS,IQUITOS,,
1013,88,060605,LA RAMADA,LA RAMADA,,
1014,62,010206,LA PECA,LA PECA,,
1015,137,240103,LA CRUZ,CALETA CRUZ,,
1016,31,010101,CHACHAPOYAS,CHACHAPOYAS,,
1017,65,010508,LONYA CHICO,LONYA CHICO,,
1018,31,010112,MAGDALENA,MAGDALENA,,
1019,189,020306,SAN JUAN DE RONTOY,SAN JUAN DE RONTOY,,
1020,187,021003,CAJAY,CAJAY,,
1021,65,010507,LONGUITA,LONGUITA,,
1022,189,020302,ACZO,ACZO,,
1023,162,060412,MIRACOSTA,MIRACOSTA,,
1024,88,060613,SANTO TOMAS,SANTO TOMAS,,
1025,66,010612,VISTA ALEGRE,VISTA ALEGRE,,
1026,63,010303,CHURUJA,CHURUJA,,
1027,88,060606,PIMPINGOS,PIMPINGOS,,
1028,97,200107,CURA MORI,CUCUNGARA,,
1029,67,010706,LONYA GRANDE,LONYA GRANDE,,
1030,31,010116,OLLEROS,OLLEROS,,
1031,97,200109,LA ARENA,LA ARENA,,
1032,162,060414,PION,PION,,
1033,185,020802,BUENA VISTA ALTA,BUENA VISTA ALTA,,
1034,187,021005,HUACACHI,HUACACHI,,
1035,71,020606,MARCARA,MARCARA,,
1036,71,020605,ATAQUERO,CARHUAC,,
1037,53,021208,SANTA CRUZ,HUARIPAMPA,,
1038,47,090501,CHURCAMPA,CHURCAMPA,,
1039,47,090502,ANCO,LA ESMERALDA,,
1040,165,021409,SAN PEDRO,COPA,,
1041,165,021405,COCHAS,HUANCHAY,,
1042,66,010608,MILPUC,MILPUC,,
1043,70,020507,COLQUIOC,CHASQUITAMBO,,
1044,75,021910,SICSIBAMBA,UMBE,,
1045,75,021902,ACOBAMBA,ACOBAMBA,,
1046,166,021508,PALLASCA,PALLASCA,,
1047,186,020907,YUPAN,YUPAN,,
1048,140,250104,MASISEA,MASISEA,,
1049,75,021907,QUICHES,QUICHES,,
1050,75,021905,CHINGALPO,CHINGALPO,,
1051,147,040809,TAURIA,TAURIA,,
1052,85,040310,JAQUI,JAQUI,,
1053,147,040808,SAYLA,SAYLA,,
1054,94,190108,SAN FRANCISCO DE ASIS DE YARUSYACAN,YARUSYACAN,,
1055,104,210903,HUAYRAPATA,HUAYRAPATA,,
1056,147,040807,QUECHUALLA,VELINGA,,
1057,147,040810,TOMEPAMPA,TOMEPAMPA,,
1058,147,040801,COTAHUASI,COTAHUASI,,
1059,119,160507,SAQUENA,BAGAZAN,,
1060,87,040515,SIBAYO,SIBAYO,,
1061,85,040311,LOMAS,LOMAS,,
1062,147,040803,CHARCANA,CHARCANA,,
1063,33,080406,SAN SALVADOR,SAN SALVADOR,,
1064,37,080802,CONDOROMA,CONDOROMA,,
1065,102,210710,VILAVILA,VILAVILA,,
1066,147,040802,ALCA,ALCA,,
1067,184,020702,SAN NICOLAS,SAN NICOLAS,,
1068,164,021305,LLAMA,LLAMA,,
1069,72,021602,HUAYLLAN,HUAYLLAN,,
1070,164,021303,ELEAZAR GUZMAN BARRON,PAMPACHACRA,,
1071,53,021204,HUAYLAS,HUAYLAS,,
1072,164,021308,MUSGA,MUSGA,,
1073,73,021708,PARARIN,PARARIN,,
1074,70,020509,HUASTA,HUASTA,,
1075,73,021706,MARCA,MARCA,,
1076,65,010516,SAN CRISTOBAL,OLTO,,
1077,162,060407,COCHABAMBA,COCHABAMBA,,
1078,88,060602,CALLAYUC,CALLAYUC,,
1079,67,010704,EL MILAGRO,EL MILAGRO,,
1080,81,030606,ONGOY,ONGOY,,
1081,89,060803,CHONTALI,CHONTALI,,
1082,62,010201,BAGUA,BAGUA,,
1083,34,080507,QUEHUE,QUEHUE,,
1084,39,081008,PILLPINTO,PILLPINTO,,
1085,35,080604,MARANGANI,MARANGANI,,
1086,78,030303,HUAQUIRCA,HUAQUIRCA,,
1087,36,080707,QUIÑOTA,QUIÑOTA,,
1088,42,081303,HUAYLLABAMBA,HUAYLLABAMBA,,
1089,78,030307,SABAINO,SABAINO,,
1090,82,030713,VIRUNDO,SAN JUAN DE VIRUNDO,,
1091,34,080503,KUNTURKANKI,EL DESCANSO,,
1092,34,080502,CHECCA,CHECCA,,
1093,78,030304,JUAN ESPINOZA MEDRANO,MOLLEBAMBA,,
1094,78,030301,ANTABAMBA,ANTABAMBA,,
1095,79,030403,CARAYBAMBA,CARAYBAMBA,,
1096,81,030610,EL PORVENIR,SAN PEDRO HUAMBURQUE,,
1097,34,080504,LANGUI,LANGUI,,
1098,42,081305,MARAS,MARAS,,
1099,35,080603,COMBAPATA,COMBAPATA,,
1100,39,081006,OMACHA,OMACHA,,
1101,79,030407,IHUAYLLO,IHUAYLLO,,
1102,79,030414,TAPAIRIHUA,TAPAIRIHUA,,
1103,156,050907,PAICO,PAICO,,
1104,82,030708,PROGRESO,PROGRESO,,
1105,156,050903,CHALCOS,CHALCOS,,
1106,103,210804,LLALLI,LLALLI,,
1107,79,030404,CHAPIMARCA,CHAPIMARCA,,
1108,82,030701,CHUQUIBAMBILLA,CHUQUIBAMBILLA,,
1109,79,030401,CHALHUANCA,CHALHUANCA,,
1110,34,080501,YANAOCA,YANAOCA,,
1111,32,080205,POMACANCHI,POMACANCHI,,
1112,36,080702,CAPACMARCA,CAPACMARCA,,
1113,79,030416,TORAYA,TORAYA,,
1114,77,030206,HUAYANA,HUAYANA,,
1115,46,090412,TANTARA,TANTARA,,
1116,32,080207,SANGARARA,SANGARARA,,
1117,77,030212,SAN ANTONIO DE CACHI,SAN ANTONIO DE CACHI,,
1118,82,030703,GAMARRA,PALPACACHI,,
1119,41,081212,QUIQUIJANA,QUIQUIJANA,,
1120,32,080206,RONDOCAN,RONDOCAN,,
1121,77,030205,HUANCARAY,HUANCARAY,,
1122,39,081007,PACCARITAMBO,PACCARITAMBO,,
1123,43,090112,MOYA,MOYA,,
1124,1,030106,LAMBRAMA,LAMBRAMA,,
1125,39,081002,ACCHA,ACCHA,,
1126,49,090710,ÑAHUIMPUQUIO,ÑAHUIMPUQUIO,,
1127,80,030505,MARA,MARA,,
1128,82,030704,HUAYLLATI,HUAYLLATI,,
1129,32,080201,ACOMAYO,ACOMAYO,,
1130,1,030102,CHACOCHE,CHACOCHE,,
1131,79,030411,SAN JUAN DE CHACÑA,SAN JUAN DE CHACÑA,,
1132,82,030702,CURPAHUASI,CURPAHUASI,,
1133,79,030409,LUCRE,LUCRE,,
1134,32,080203,ACOS,ACOS,,
1135,81,030603,COCHARCAS,COCHARCAS,,
1136,77,030217,TUMAY HUARACA,UMAMARCA,,
1137,39,081004,COLCHA,COLCHA,,
1138,41,081206,CUSIPATA,CUSIPATA,,
1139,79,030415,TINTAY,TINTAY,,
1140,77,030209,PACUCHA,PACUCHA,,
1141,1,030103,CIRCA,CIRCA,,
1142,80,030503,COYLLURQUI,COYLLURQUI,,
1143,39,081003,CCAPI,CCAPI,,
1144,41,081208,LUCRE,LUCRE,,
1145,191,080102,CCORCA,CCORCA,,
1146,1,030107,PICHIRHUA,PICHIRHUA,,
1147,80,030502,COTABAMBAS,COTABAMBAS,,
1148,1,030101,ABANCAY,ABANCAY,,
1149,1,030109,TAMBURCO,TAMBURCO,,
1150,43,090117,YAULI,YAULI,,
1151,28,151023,PUTINZA,SAN LORENZO DE PUTINZA,,
1152,191,080105,SAN SEBASTIAN,SAN SEBASTIAN,,
1153,44,090206,PAUCARA,PAUCARA,,
1154,43,090114,PALCA,PALCA,,
1155,45,090304,CCOCHACCASA,CCOCHACCASA,,
1156,128,220501,LAMAS,LAMAS,,
1157,28,151031,TUPE,TUPE,,
1158,45,090303,CALLANMARCA,CALLANMARCA,,
1159,28,151020,MADEAN,MADEAN,,
1160,43,090110,MANTA,MANTA,,
1161,38,080904,MARANURA,MARANURA,,
1162,43,090109,LARIA,LARIA,,
1163,46,090403,AURAHUA,AURAHUA,,
1164,28,151032,VIÑAC,VIÑAC,,
1165,153,050616,SAN JUAN,SAN JUAN,,
1166,28,151029,TAURIPAMPA,TAURIPAMPA,,
1167,81,030601,CHINCHEROS,CHINCHEROS,,
1168,43,090119,HUANDO,HUANDO,,
1169,43,090116,VILCA,VILCA,,
1170,77,030216,TALAVERA,TALAVERA,,
1171,45,090312,SECCLLA,SECCLLA,,
1172,28,151021,MIRAFLORES,MIRAFLORES,,
1173,28,151010,COCHAS,COCHAS,,
1174,191,080104,SAN JERONIMO,SAN JERONIMO,,
1175,19,150141,SURQUILLO,SURQUILLO,,
1176,41,081204,CCARHUAYO,CCARHUAYO,,
1177,18,140302,CHOCHOPE,CHOCHOPE,,
1178,191,080101,CUSCO,CUSCO,,
1179,28,151004,AYAVIRI,AYAVIRI,,
1180,40,081102,CAICAY,CAICAY,,
1181,77,030219,KAQUIABAMBA,KAQUIABAMBA,,
1182,40,081105,HUANCARANI,HUANCARANI,,
1183,46,090408,HUAMATAMBO,HUAMATAMBO,,
1184,41,081205,CCATCA,CCATCA,,
1185,46,090402,ARMA,ARMA,,
1186,28,151025,QUINOCAY,QUINOCAY,,
1187,4,110209,SAN PEDRO DE HUACARPANA,SAN PEDRO DE HUACARPANA,,
1188,8,120113,CULLHUAS,CULLHUAS,,
1189,38,080903,HUAYOPATA,IPAL /6,,
1190,28,151024,QUINCHES,QUINCHES,,
1191,19,150136,SAN MIGUEL,SAN MIGUEL,,
1192,8,120112,COLCA,COLCA,,
1193,28,151002,ALIS,ALIS,,
1194,19,150127,PUNTA NEGRA,PUNTA NEGRA,,
1195,49,090713,QUISHUAR,QUISHUAR,,
1196,173,080304,CHINCHAYPUJIO,CHINCHAYPUJIO,,
1197,173,080307,MOLLEPATA,MOLLEPATA,,
1198,173,080306,LIMATAMBO,LIMATAMBO,,
1199,33,080405,PISAC,PISAC,,
1200,33,080403,LAMAY,LAMAY,,
1201,46,090413,TICRAPO,TICRAPO,,
1202,63,010307,JAZAN,PEDRO RUIZ GALLO,,
1203,173,080305,HUAROCONDO,HUAROCONDO,,
1204,119,160503,CAPELO,FLOR DE PUNGA,,
1205,4,110202,ALTO LARAN,ALTO LARAN,,
1206,153,050618,SAN PEDRO DE PALCO,SAN PEDRO DE PALCO,,
1207,156,050908,SAN PEDRO DE LARCAY,SAN PEDRO DE LARCAY,,
1208,150,050302,CARAPO,CARAPO,,
1209,156,050909,SAN SALVADOR DE QUIJE,SAN SALVADOR DE QUIJE,,
1210,150,050304,SANTIAGO DE LUCANAMARCA,SANTIAGO DE LUCANAMARCA,,
1211,158,051105,HUAMBALPA,HUAMBALPA,,
1212,158,051106,INDEPENDENCIA,PACCHA HUALLHUA /4,,
1213,157,051005,CANARIA,CANARIA,,
1214,157,051010,HUALLA,SAN PEDRO DE HUALLA,,
1215,1,030108,SAN PEDRO DE CACHORA,CACHORA,,
1216,156,050901,QUEROBAMBA,QUEROBAMBA,,
1217,156,050904,CHILCAYOC,CHILCAYOC,,
1218,150,050303,SACSAMARCA,SACSAMARCA,,
1219,4,110211,TAMBO DE MORA,TAMBO DE MORA,,
1220,77,030208,PACOBAMBA,PACOBAMBA,,
1221,31,010120,SOLOCO,SOLOCO,,
1222,173,080301,ANTA,ANTA,,
1223,173,080302,ANCAHUASI,ANCAHUASI,,
1224,1,030105,HUANIPACA,HUANIPACA,,
1225,81,030605,OCOBAMBA,OCOBAMBA,,
1226,48,090610,SAN ANTONIO DE CUSICANCHA,CUSICANCHA,,
1227,25,150714,RICARDO PALMA,RICARDO PALMA,,
1228,181,210309,SAN GABAN,LANLACUNI BAJO,,
1229,4,110207,PUEBLO NUEVO,PUEBLO NUEVO,,
1230,4,110208,SAN JUAN DE YANAC,SAN JUAN DE YANAC,,
1231,23,150501,SAN VICENTE DE CAÑETE,SAN VICENTE DE CAÑETE,,
1232,8,120101,HUANCAYO,HUANCAYO,,
1233,23,150506,COAYLLO,COAYLLO,,
1234,49,090706,DANIEL HERNANDEZ,MARISCAL CACERES,,
1235,28,151014,HUANCAYA,HUANCAYA,,
1236,49,090717,SURCUBAMBA,SURCUBAMBA,,
1237,8,120134,SICAYA,SICAYA,,
1238,49,090716,SAN MARCOS DE ROCCHAC,SAN MARCOS DE ROCCHAC,,
1239,49,090707,HUACHOCOLPA,HUACHOCOLPA,,
1240,11,120411,JANJAILLO,JANJAILLO /11,,
1241,15,120809,SUITUCANCHA,SUITUCANCHA,,
1242,11,120408,HUAMALI,HUAMALI,,
1243,25,150712,SAN PEDRO DE LARAOS,LARAOS,,
1244,25,150708,HUANZA,HUANZA,,
1245,14,120703,HUARICOLCA,HUARICOLCA,,
1246,22,150401,CANTA,CANTA,,
1247,24,150605,CHANCAY,CHANCAY,,
1248,22,150404,HUAROS,HUAROS,,
1249,14,120702,ACOBAMBA,ACOBAMBA,,
1250,19,150132,SAN JUAN DE LURIGANCHO,SAN JUAN DE LURIGANCHO,,
1251,126,220302,AGUA BLANCA,AGUA BLANCA,,
1252,26,150808,PACCHO,PACCHO,,
1253,16,140117,PATAPO,PATAPO,,
1254,19,150125,PUENTE PIEDRA,PUENTE PIEDRA,,
1255,25,150719,SAN JUAN DE IRIS,SAN JUAN DE IRIS,,
1256,16,140107,LAGUNAS,MOCUPE,,
1257,127,220406,TINGO DE SAPOSOA,TINGO DE SAPOSOA,,
1258,178,131002,ANGASMARCA,ANGASMARCA,,
1259,54,100321,SHUNQUI,SHUNQUI,,
1260,192,130502,CALAMARCA,CALAMARCA,,
1261,111,130102,EL PORVENIR,EL PORVENIR,,
1262,193,130805,HUAYLILLAS,HUAYLILLAS,,
1263,111,130111,VICTOR LARCO HERRERA,BUENOS AIRES,,
1264,178,131005,MOLLEPATA,MOLLEPATA,,
1265,130,220709,TINGO DE PONASA,TINGO DE PONASA,,
1266,175,130602,AGALLPAMPA,AGALLPAMPA,,
1267,175,130606,LA CUESTA,LA CUESTA,,
1268,194,130907,SARIN,SARIN,,
1269,193,130810,PIAS,PIAS,,
1270,175,130601,OTUZCO,OTUZCO,,
1271,175,130614,USQUIL,USQUIL,,
1272,175,130605,HUARANCHAL,HUARANCHAL,,
1273,193,130809,PATAZ,PATAZ,,
1274,169,061204,TUMBADEN,TUMBADEN,,
1275,110,061109,NIEPOS,NIEPOS,,
1276,110,061111,SAN SILVESTRE DE COCHAN,SAN SILVESTRE DE COCHAN,,
1277,130,220703,CASPISAPA,CASPISAPA,,
1278,16,140114,SANTA ROSA,SANTA ROSA,,
1279,16,140109,NUEVA ARICA,NUEVA ARICA,,
1280,110,061106,LA FLORIDA,LA FLORIDA,,
1281,130,220707,SAN HILARION,SAN CRISTOBAL DE SISA,,
1282,16,140106,LA VICTORIA,LA VICTORIA,,
1283,110,061103,CALQUIS,CALQUIS,,
1284,16,140108,MONSEFU,MONSEFU,,
1285,16,140116,CAYALTI,CAYALTI,,
1286,161,060311,UTCO,UTCO,,
1287,110,061107,LLAPA,LLAPA,,
1288,130,220705,PUCACACA,PUCACACA,,
1289,159,060105,ENCAÑADA,ENCAÑADA,,
1290,16,140115,SAÑA,SAÑA,,
1291,18,140311,SAN JOSE,SAN JOSE,,
1292,16,140119,PUCALA,PUCALA,,
1293,161,060312,LA LIBERTAD DE PALLAN,LA LIBERTAD DE PALLAN,,
1294,61,101006,SAN FRANCISCO DE ASIS,HUARIN,,
1295,50,100107,SAN FRANCISCO DE CAYRAN,CAYRAN,,
1296,162,060402,ANGUIA,ANGUIA,,
1297,66,010606,LONGAR,LONGAR,,
1298,31,010111,LEVANTO,LEVANTO,,
1299,162,060406,CHOROPAMPA,CHOROPAMPA,,
1300,128,220505,CUÑUMBUQUI,CUÑUMBUQUI,,
1301,161,060302,CHUMUCH,CHUMUCH,,
1302,66,010602,CHIRIMOTO,CHIRIMOTO,,
1303,16,140102,CHONGOYAPE,CHONGOYAPE,,
1304,162,060410,LAJAS,LAJAS,,
1305,126,220305,SHATOJA,SHATOJA,,
1306,65,010509,LUYA,LUYA,,
1307,131,220808,YORONGOS,YORONGOS,,
1308,29,061303,CATACHE,CATACHE,,
1309,132,220906,EL PORVENIR,PELEJO,,
1310,128,220503,BARRANQUITA,BARRANQUITA,,
1311,65,010502,CAMPORREDONDO,CAMPORREDONDO,,
1312,88,060604,CUJILLO,CUJILLO,,
1313,17,140203,INCAHUASI,INCAHUASI,,
1314,162,060401,CHOTA,CHOTA,,
1315,6,110405,TIBILLO,TIBILLO,,
1316,143,220103,HABANA,HABANA,,
1317,88,060608,SAN ANDRES DE CUTERVO,SAN ANDRES DE CUTERVO,,
1318,63,010306,FLORIDA,FLORIDA (POMACOCHAS),,
1319,88,060609,SAN JUAN DE CUTERVO,SAN JUAN DE CUTERVO,,
1320,67,010701,BAGUA GRANDE,BAGUA GRANDE,,
1321,119,160509,TAPICHE,IBERIA,,
1322,137,240102,CORRALES,SAN PEDRO DE LOS INCAS,,
1323,62,010203,COPALLIN,COPALLIN,,
1324,3,110112,SUBTANJALLA,SUBTANJALLA,,
1325,128,220502,ALONSO DE ALVARADO,ROQUE,,
1326,139,240304,PAPAYAL,PAPAYAL,,
1327,18,140304,JAYANCA,JAYANCA,,
1328,65,010512,OCALLI,OCALLI,,
1329,188,200706,MANCORA,MANCORA,,
1330,31,010114,MOLINOPAMPA,MOLINOPAMPA,,
1331,31,010121,SONCHE,SAN JUAN DE SONCHE,,
1332,48,090605,LARAMARCA,LARAMARCA,,
1333,31,010119,SAN ISIDRO DE MAINO,MAINO,,
1334,88,060615,TORIBIO CASANOVA,LA SACILIA,,
1335,143,220105,SORITOR,SORITOR,,
1336,119,160504,EMILIO SAN MARTIN,TAMANCO,,
1337,63,010308,RECTA,RECTA,,
1338,116,160210,SANTA CRUZ,SANTA CRUZ,,
1339,62,010202,ARAMANGO,ARAMANGO,,
1340,119,160506,PUINAHUA,BRETAÑA,,
1341,115,160108,PUNCHANA,PUNCHANA,,
1342,162,060417,TACABAMBA,TACABAMBA,,
1343,11,120425,PARCO,PARCO,,
1344,162,060409,HUAMBOS,HUAMBOS,,
1345,127,220402,ALTO SAPOSOA,PASARRAYA,,
1346,65,010522,TINGO,TINGO,,
1347,66,010609,OMIA,OMIA,,
1348,132,220905,CHIPURANA,NAVARRO,,
1349,131,220809,YURACYACU,YURACYACU,,
1350,63,010305,CUISPES,CUISPES,,
1351,63,010310,SHIPASBAMBA,SHIPASBAMBA,,
1352,31,010115,MONTEVIDEO,MONTEVIDEO,,
1353,29,061301,SANTA CRUZ,SANTA CRUZ DE SUCCHABAMBA,,
1354,17,140206,PUEBLO NUEVO,PUEBLO NUEVO,,
1355,47,090508,SAN MIGUEL DE MAYOCC,MAYOCC,,
1356,63,010302,CHISQUILLA,CHISQUILLA,,
1357,25,150715,SAN ANDRES DE TUPICOCHA,SAN ANDRES DE TUPICOCHA,,
1358,63,010301,JUMBILLA,JUMBILLA,,
1359,29,061310,UTICYACU,UTICYACU,,
1360,131,220804,NUEVA CAJAMARCA,NUEVA CAJAMARCA,,
1361,9,120202,ACO,ACO,,
1362,29,061305,LA ESPERANZA,LA ESPERANZA,,
1363,17,140204,MANUEL ANTONIO MESONES MURO,MANUEL ANTONIO MESONES MURO,,
1364,88,060603,CHOROS,CHOROS,,
1365,161,060301,CELENDIN,CELENDIN,,
1366,65,010513,OCUMAL,COLLONCE,,
1367,161,060307,MIGUEL IGLESIAS,CHALAN,,
1368,31,010113,MARISCAL CASTILLA,DURAZNOPAMPA,,
1369,190,060701,BAMBAMARCA,BAMBAMARCA,,
1370,18,140303,ILLIMO,ILLIMO,,
1371,126,220301,SAN JOSE DE SISA,SAN JOSE DE SISA,,
1372,18,140305,MOCHUMI,MOCHUMI,,
1373,65,010503,COCABAMBA,COCABAMBA,,
1374,65,010521,SANTO TOMAS,SANTO TOMAS,,
1375,29,061309,SEXI,SEXI,,
1376,29,061304,CHANCAYBAÑOS,CHANCAYBAÑOS,,
1377,128,220511,ZAPATERO,ZAPATERO,,
1378,162,060419,CHALAMARCA,CHALAMARCA,,
1379,115,160112,BELEN,BELEN,,
1380,137,240106,SAN JUAN DE LA VIRGEN,SAN JUAN DE LA VIRGEN,,
1381,118,160404,SAN PABLO,SAN PABLO DE LORETO,,
1382,100,200407,SAN JUAN DE BIGOTE,BIGOTE,,
1383,100,200408,SANTA CATALINA DE MOSSA,PALTASHACO,,
1384,99,200305,LALAQUIZ,TUNAL,,
1385,97,200101,PIURA,PIURA,,
1386,100,200402,BUENOS AIRES,BUENOS AIRES,,
1387,99,200302,CANCHAQUE,CANCHAQUE,,
1388,100,200404,LA MATANZA,LA MATANZA,,
1389,195,200504,COLAN,SAN LUCAS (PUEBLO NUEVO DE COLAN),,
1390,100,200410,YAMANGO,YAMANGO,,
1391,100,200405,MORROPON,MORROPON,,
1392,196,200606,MIGUEL CHECA,SOJO,,
1393,100,200403,CHALACO,CHALACO,,
1394,47,090505,LA MERCED,LA MERCED,,
1395,188,200703,LA BREA,NEGRITOS,,
1396,98,200207,PAIMAS,PAIMAS,,
1397,98,200209,SICCHEZ,SICCHEZ,,
1398,98,200203,JILILI,JILILI,,
1399,195,200501,PAITA,PAITA,,
1400,45,090305,CHINCHO,CHINCHO,,
1401,157,051008,HUAMANQUIQUIA,HUAMANQUIQUIA,,
1402,157,051011,SARHUA,SARHUA,,
1403,158,051101,VILCAS HUAMAN,VILCAS HUAMAN,,
1404,8,120111,CHUPURO,CHUPURO,,
1405,155,050801,PAUSA,PAUSA,,
1406,155,050807,PARARCA,PARARCA,,
1407,153,050603,CABANA,CABANA,,
1408,153,050613,OTOCA,OTOCA,,
1409,153,050604,CARMEN SALCEDO,ANDAMARCA,,
1410,151,050402,AYAHUANCO,VIRACOCHAN,,
1411,49,090721,ROBLE,PUERTO SAN ANTONIO,,
1412,49,090722,PICHOS,PICHOS,,
1413,152,050513,RIO MAGDALENA,MONTERRICO,,
1414,152,050514,NINABAMBA,NINABAMBA,,
1415,91,180107,SAN ANTONIO,SAN ANTONIO,,
1416,112,130205,PAIJAN,PAIJAN,,
1417,56,100506,MIRAFLORES,MIRAFLORES,,
1418,130,220704,PILLUANA,PILLUANA,,
1419,5,110305,VISTA ALEGRE,VISTA ALEGRE,,
1420,16,140111,PICSI,PICSI,,
1421,180,210215,TIRAPATA,TIRAPATA,,
1422,103,210803,CUPI,CUPI,,
1423,5,110302,CHANGUILLO,CHANGUILLO,,
1424,103,210807,ORURILLO,ORURILLO,,
1425,180,210204,ASILLO,ASILLO,,
1426,16,140110,OYOTUN,OYOTUN,,
1427,21,150304,HUANCAPON,HUANCAPON,,
1428,4,110204,CHINCHA BAJA,CHINCHA BAJA,,
1429,18,140306,MORROPE,MORROPE,,
1430,47,090507,PAUCARBAMBA,PAUCARBAMBA,,
1431,17,140205,PITIPO,PITIPO,,
1432,132,220909,LA BANDA DE SHILCAYO,LA BANDA,,
1433,47,090503,CHINCHIHUASI,CHINCHIHUASI,,
1434,49,090705,COLCABAMBA,COLCABAMBA,,
1435,19,150142,VILLA EL SALVADOR,VILLA EL SALVADOR,,
1436,47,090510,PACHAMARCA,PACHAMARCA,,
1437,28,151011,COLONIA,COLONIA,,
1438,176,130703,JEQUETEPEQUE,JEQUETEPEQUE,,
1439,25,150705,CHICLA,CHICLA,,
1440,8,120126,PUCARA,PUCARA,,
1441,180,210213,SAN JUAN DE SALINAS,SAN JUAN DE SALINAS,,
1442,18,140301,LAMBAYEQUE,LAMBAYEQUE,,
1443,174,120909,YANACANCHA,YANACANCHA,,
1444,101,210604,INCHUPALLA,INCHUPALLA,,
1445,181,210302,AJOYANI,AJOYANI,,
1446,23,150510,NUEVO IMPERIAL,NUEVO IMPERIAL,,
1447,23,150511,PACARAN,PACARAN,,
1448,50,100102,AMARILIS,PAUCARBAMBA,,
1449,49,090711,PAZOS,PAZOS,,
1450,4,110201,CHINCHA ALTA,CHINCHA ALTA,,
1451,4,110206,GROCIO PRADO,SAN PEDRO,,
1452,2,101108,CHORAS,CHORAS,,
1453,126,220304,SANTA ROSA,SANTA ROSA,,
1454,174,120908,TRES DE DICIEMBRE,TRES DE DICIEMBRE,,
1455,50,100101,HUANUCO,HUANUCO,,
1456,25,150727,SANTA CRUZ DE COCACHACRA,COCACHACRA,,
1457,23,150508,LUNAHUANA,LUNAHUANA,,
1458,23,150504,CERRO AZUL,CERRO AZUL,,
1459,23,150516,ZUÑIGA,ZUÑIGA,,
1460,25,150729,SANTIAGO DE ANCHUCAYA,SANTIAGO DE ANCHUCAYA,,
1461,23,150512,QUILMANA,QUILMANA,,
1462,9,120208,MANZANARES,SAN MIGUEL,,
1463,11,120402,ACOLLA,ACOLLA,,
1464,9,120213,ORCOTUNA,ORCOTUNA,,
1465,9,120212,NUEVE DE JULIO,SANTO DOMINGO DEL PRADO,,
1466,48,090602,AYAVI,AYAVI,,
1467,8,120125,PILCOMAYO,PILCOMAYO,,
1468,7,110503,HUMAY,HUMAY,,
1469,25,150702,ANTIOQUIA,ANTIOQUIA,,
1470,3,110107,PUEBLO NUEVO,PUEBLO NUEVO,,
1471,107,211204,PATAMBUCO,PATAMBUCO,,
1472,107,211201,SANDIA,SANDIA,,
1473,107,211207,SAN JUAN DEL ORO,SAN JUAN DEL ORO,,
1474,8,120133,SAPALLANGA,SAPALLANGA,,
1475,14,120706,PALCA,PALCA,,
1476,24,150602,ATAVILLOS ALTO,PIRCA,,
1477,19,150130,SAN BORJA,SAN FRANCISCO DE BORJA,,
1478,14,120707,PALCAMAYO,PALCAMAYO,,
1479,47,090506,LOCROJA,LOCROJA,,
1480,26,150810,SANTA MARIA,CRUZ BLANCA,,
1481,9,120209,MARISCAL CASTILLA,MUCLLO,,
1482,10,120306,VITOC,PUCARA,,
1483,24,150607,LAMPIAN,LAMPIAN,,
1484,26,150801,HUACHO,HUACHO,,
1485,24,150606,IHUARI,IHUARI,,
1486,24,150610,SANTA CRUZ DE ANDAMARCA,SANTA CRUZ DE ANDAMARCA,,
1487,24,150612,VEINTISIETE DE NOVIEMBRE,CARAC,,
1488,59,100804,UMARI,UMARI (TAMBILLO),,
1489,179,131102,LUCMA,LUCMA,,
1490,179,131104,SAYAPULLO,SAYAPULLO,,
1491,194,130908,SARTIMBAMBA,SARTIMBAMBA,,
1492,102,210707,PARATIA,PARATIA,,
1493,25,150720,SAN JUAN DE TANTARANCHE,SAN JUAN DE TANTARANCHE,,
1494,9,120201,CONCEPCION,CONCEPCION,,
1495,25,150709,HUAROCHIRI,HUAROCHIRI,,
1496,48,090615,SANTO DOMINGO DE CAPILLAS,SANTO DOMINGO DE CAPILLAS,,
1497,19,150140,SANTIAGO DE SURCO,SANTIAGO DE SURCO,,
1498,49,090714,SALCABAMBA,SALCABAMBA,,
1499,138,240201,ZORRITOS,ZORRITOS,,
1500,9,120215,SANTA ROSA DE OCOPA,SANTA ROSA,,
1501,128,220510,TABALOSOS,TABALOSOS,,
1502,18,140307,MOTUPE,MOTUPE,,
1503,131,220801,RIOJA,RIOJA,,
1504,17,140202,CAÑARIS,CAÑARIS,,
1505,143,220102,CALZADA,CALZADA,,
1506,128,220504,CAYNARACHI,PONGO DE CAYNARACHI,,
1507,170,200806,RINCONADA LLICUAR,DOS PUEBLOS,,
1508,131,220806,POSIC,POSIC,,
1509,170,200803,BERNAL,BERNAL,,
1510,121,160703,MANSERICHE,SARAMIRIZA,,
1511,117,160302,PARINARI,PARINARI,,
1512,99,200306,SAN MIGUEL DE EL FAIQUE,SAN MIGUEL DE EL FAIQUE,,
1513,144,220205,SAN PABLO,SAN PABLO,,
1514,16,140105,JOSE LEONARDO ORTIZ,SAN CARLOS,,
1515,55,100404,PINRA,PINRA,,
1516,127,220401,SAPOSOA,SAPOSOA,,
1517,96,190302,CHONTABAMBA,CHONTABAMBA,,
1518,96,190301,OXAPAMPA,OXAPAMPA,,
1519,96,190307,VILLA RICA,VILLA RICA,,
1520,51,100202,CAYNA,CAYNA,,
1521,51,100204,CONCHAMARCA,CONCHAMARCA,,
1522,50,100105,MARGOS,MARGOS,,
1523,50,100108,SAN PEDRO DE CHAULAN,CHAULAN,,
1524,50,100111,PILLCO MARCA,CAYHUAYNA,,
1525,121,160706,ANDOAS,ALIANZA CRISTIANA,,
1526,25,150704,CARAMPOMA,CARAMPOMA,,
1527,9,120205,COCHAS,COCHAS,,
1528,9,120203,ANDAMARCA,ANDAMARCA,,
1529,19,150106,CARABAYLLO,CARABAYLLO,,
1530,27,150904,COCHAMARCA,COCHAMARCA,,
1531,27,150903,CAUJUL,CAUJUL,,
1532,27,150906,PACHANGARA,CHURIN,,
1533,94,190101,CHAUPIMARCA,CERRO DE PASCO,,
1534,27,150905,NAVAN,NAVAN,,
1535,141,250202,SEPAHUA,SEPAHUA,,
1536,10,120304,SAN LUIS DE SHUARO,SAN LUIS DE SHUARO,,
1537,26,150809,SANTA LEONOR,JUCUL,,
1538,26,150804,CHECRAS,MARAY,,
1539,12,120502,CARHUAMAYO,CARHUAMAYO,,
1540,94,190112,VICCO,VICCO,,
1541,193,130812,TAURIJA,TAURIJA,,
1542,111,130109,SALAVERRY,SALAVERRY,,
1543,20,150204,SUPE,SUPE,,
1544,20,150201,BARRANCA,BARRANCA,,
1545,26,150802,AMBAR,AMBAR,,
1546,20,150203,PATIVILCA,PATIVILCA,,
1547,21,150305,MANAS,MANAS,,
1548,20,150202,PARAMONGA,PARAMONGA,,
1549,116,160205,JEBEROS,JEBEROS,,
1550,192,130501,JULCAN,JULCAN,,
1551,60,100903,HONORIA,HONORIA,,
1552,111,130106,LAREDO,LAREDO,,
1553,175,130611,SALPO,SALPO,,
1554,109,061006,JOSE MANUEL QUIROZ,SHIRAC,,
1555,178,131008,SITABAMBA,SITABAMBA,,
1556,163,060506,SANTA CRUZ DE TOLED,SANTA CRUZ DE TOLED,,
1557,193,130806,HUAYO,HUAYO,,
1558,193,130804,HUANCASPATA,HUANCASPATA,,
1559,193,130813,URPAY,URPAY,,
1560,166,021502,BOLOGNESI,BOLOGNESI,,
1561,178,131007,SANTA CRUZ DE CHUCA,SANTA CRUZ DE CHUCA,,
1562,9,120210,MATAHUASI,MATAHUASI,,
1563,11,120431,SINCOS,SINCOS,,
1564,8,120114,EL TAMBO,EL TAMBO,,
1565,25,150717,SAN BARTOLOME,SAN BARTOLOME,,
1566,102,210706,PALCA,PALCA,,
1567,180,210210,SAMAN,SAMAN,,
1568,101,210606,ROSASPATA,ROSASPATA,,
1569,50,100104,CHURUBAMBA,CHURUBAMBA,,
1570,54,100311,MARIAS,MARIAS,,
1571,180,210206,CHUPA,CHUPA,,
1572,102,210705,OCUVIRI,OCUVIRI,,
1573,143,220106,YANTALO,YANTALO,,
1574,119,160501,REQUENA,REQUENA,,
1575,25,150728,SANTA EULALIA,SANTA EULALIA,,
1576,2,101101,CHAVINILLO,CHAVINILLO,,
1577,50,100109,SANTA MARIA DEL VALLE,SANTA MARIA DEL VALLE,,
1578,61,101003,JIVIA,JIVIA,,
1579,128,220508,SAN ROQUE DE CUMBAZA,SAN ROQUE DE CUMBAZA,,
1580,119,160505,MAQUIA,SANTA ISABEL,,
1581,180,210214,SANTIAGO DE PUPUJA,SANTIAGO DE PUPUJA,,
1582,180,210207,JOSE DOMINGO CHOQUEHUANCA,ESTACION DE PUCARA,,
1583,6,110401,PALPA,PALPA,,
1584,101,210603,HUATASANI,HUATASANI,,
1585,180,210203,ARAPA,ARAPA,,
1586,105,211005,SINA,SINA,,
1587,6,110404,SANTA CRUZ,SANTA CRUZ,,
1588,107,211206,QUIACA,QUIACA,,
1589,3,110104,OCUCAJE,OCUCAJE,,
1590,107,211202,CUYOCUYO,CUYOCUYO,,
1591,180,210211,SAN ANTON,SAN ANTON,,
1592,3,110106,PARCONA,PARCONA,,
1593,3,110101,ICA,ICA,,
1594,19,150143,VILLA MARIA DEL TRIUNFO,VILLA MARIA DEL TRIUNFO,,
1595,178,131004,MOLLEBAMBA,MOLLEBAMBA,,
1596,48,090614,SANTIAGO DE QUIRAHUARA,SANTIAGO DE QUIRAHUARA,,
1597,3,110102,LA TINGUIÑA,LA TINGUIÑA,,
1598,48,090606,OCOYO,OCOYO,,
1599,5,110303,EL INGENIO,EL INGENIO,,
1600,180,210212,SAN JOSE,SAN JOSE,,
1601,6,110402,LLIPATA,LLIPATA,,
1602,8,120128,QUILCAS,QUILCAS,,
1603,107,211208,YANAHUAYA,YANAHUAYA,,
1604,6,110403,RIO GRANDE,RIO GRANDE,,
1605,48,090603,CORDOVA,CORDOVA,,
1606,107,211205,PHARA,PHARA,,
1607,48,090608,QUERCO,QUERCO,,
1608,3,110108,SALAS,GUADALUPE,,
1609,8,120127,QUICHUAY,QUICHUAY,,
1610,48,090611,SAN FRANCISCO DE SANGAYAICO,SAN FRANCISCO DE SANGAYAICO,,
1611,11,120430,SAUSA,SAUSA,,
1612,28,151012,HONGOS,HONGOS,,
1613,25,150726,SANGALLAYA,SANGALLAYA,,
1614,28,151008,CATAHUASI,CATAHUASI,,
1615,19,150104,BARRANCO,BARRANCO,,
1616,28,151006,CACRA,CACRA,,
1617,11,120421,MUQUIYAUYO,MUQUIYAUYO,,
1618,23,150509,MALA,MALA,,
1619,8,120106,CHICCHE,CHICCHE,,
1620,23,150513,SAN ANTONIO,SAN ANTONIO,,
1621,25,150730,SANTIAGO DE TUNA,SANTIAGO DE TUNA,,
1622,28,151009,CHOCOS,CHOCOS,,
1623,24,150609,SAN MIGUEL DE ACOS,ACOS,,
1624,24,150601,HUARAL,HUARAL,,
1625,9,120204,CHAMBARA,CHAMBARA,,
1626,8,120132,SAÑO,SAÑO,,
1627,28,151003,ALLAUCA,ALLAUCA,,
1628,25,150731,SANTO DOMINGO DE LOS OLLEROS,SANTO DOMINGO DE LOS OLLEROS,,
1629,19,150133,SAN JUAN DE MIRAFLORES,CIUDAD DE DIOS,,
1630,33,080402,COYA,COYA,,
1631,174,120903,CHONGOS BAJO,CHONGOS BAJO,,
1632,25,150711,LANGA,LANGA,,
1633,19,150122,MIRAFLORES,MIRAFLORES,,
1634,49,090709,HUARIBAMBA,HUARIBAMBA,,
1635,8,120124,PARIAHUANCA,PARIAHUANCA /10,,
1636,26,150807,LEONCIO PRADO,SANTA CRUZ,,
1637,47,090504,EL CARMEN,PAUCARBAMBILLA,,
1638,13,120607,RIO NEGRO,RIO NEGRO,,
1639,12,120503,ONDORES,ONDORES,,
1640,26,150811,SAYAN,SAYAN,,
1641,48,090616,TAMBO,TAMBO,,
1642,23,150507,IMPERIAL,IMPERIAL,,
1643,48,090609,QUITO-ARMA,QUITO-ARMA,,
1644,4,110203,CHAVIN,CHAVIN,,
1645,49,090701,PAMPAS,PAMPAS,,
1646,173,080309,ZURITE,ZURITE,,
1647,42,081304,MACHUPICCHU,MACHUPICCHU,,
1648,40,081103,CHALLABAMBA,CHALLABAMBA,,
1649,28,151022,OMAS,OMAS,,
1650,28,151016,HUANTAN,HUANTAN,,
1651,28,151001,YAUYOS,YAUYOS,,
1652,49,090702,ACOSTAMBO,ACOSTAMBO,,
1653,49,090703,ACRAQUIA,ACRAQUIA,,
1654,23,150503,CALANGO,CALANGO,,
1655,8,120120,HUASICANCHA,HUASICANCHA,,
1656,49,090704,AHUAYCHA,AHUAYCHA,,
1657,28,151018,LARAOS,LARAOS,,
1658,23,150505,CHILCA,CHILCA,,
1659,174,120902,AHUAC,AHUAC,,
1660,28,151030,TOMAS,TOMAS,,
1661,54,100317,RIPAN,RIPAN,,
1662,9,120214,SAN JOSE DE QUERO,SAN JOSE DE QUERO,,
1663,28,151028,TANTA,TANTA,,
1664,119,160510,JENARO HERRERA,JENARO HERRERA,,
1665,166,021501,CABANA,CABANA,,
1666,15,120801,LA OROYA,LA OROYA,,
1667,11,120427,RICRAN,RICRAN,,
1668,11,120418,MOLINOS,MOLINOS,,
1669,22,150403,HUAMANTANGA,HUAMANTANGA,,
1670,15,120805,MOROCOCHA,NUEVA MOROCOCHA,,
1671,19,150111,EL AGUSTINO,EL AGUSTINO,,
1672,14,120701,TARMA,TARMA,,
1673,19,150128,RIMAC,RIMAC,,
1674,44,090205,MARCAS,MARCAS,,
1675,14,120709,TAPO,TAPO,,
1676,14,120705,LA UNION,LETICIA,,
1677,13,120603,LLAYLLA,LLAYLLA,,
1678,15,120806,PACCHA,PACCHA,,
1679,24,150611,SUMBILCA,SUMBILCA,,
1680,24,150608,PACARAOS,PACARAOS,,
1681,19,150103,ATE,VITARTE,,
1682,19,150118,LURIGANCHO,CHOSICA,,
1683,8,120135,SANTO DOMINGO DE ACOBAMBA,SANTO DOMINGO DE ACOBAMBA,,
1684,25,150722,SAN MATEO,SAN MATEO,,
1685,25,150716,SAN ANTONIO,CHACLLA,,
1686,11,120432,TUNAN MARCA,CONCHO,,
1687,192,130504,HUASO,HUASO,,
1688,130,220708,SHAMBOYACU,SHAMBOYACU,,
1689,76,022002,CASCAPARA,CASCAPARA,,
1690,76,022005,QUILLO,QUILLO,,
1691,187,021002,ANRA,ANRA,,
1692,164,021307,LUCMA,LUCMA,,
1693,169,061202,SAN BERNARDINO,SAN BERNARDINO,,
1694,76,022008,YANAMA,YANAMA,,
1695,159,060108,LOS BAÑOS DEL INCA,LOS BAÑOS DEL INCA,,
1696,113,130306,UCUNCHA,UCUNCHA,,
1697,144,220203,BAJO BIAVO,NUEVO LIMA,,
1698,110,061113,UNION AGUA BLANCA,AGUA BLANCA,,
1699,113,130304,LONGOTEA,LONGOTEA,,
1700,114,130402,PACANGA,PACANGA,,
1701,161,060308,OXAMARCA,OXAMARCA,,
1702,194,130905,MARCABAL,MARCABAL,,
1703,114,130401,CHEPEN,CHEPEN,,
1704,159,060111,NAMORA,NAMORA,,
1705,160,060204,SITACOCHA,LLUCHUBAMBA,,
1706,159,060102,ASUNCION,ASUNCION,,
1707,140,250105,YARINACOCHA,PUERTO CALLAO,,
1708,109,061001,PEDRO GALVEZ,SAN MARCOS,,
1709,54,100322,SILLAPATA,SILLAPATA,,
1710,176,130702,GUADALUPE,GUADALUPE,,
1711,16,140103,ETEN,ETEN,,
1712,163,060501,CONTUMAZA,CONTUMAZA,,
1713,111,130101,TRUJILLO,TRUJILLO,,
1714,177,020401,CHACAS,CHACAS,,
1715,193,130802,BULDIBUYO,BULDIBUYO,,
1716,193,130803,CHILLIA,CHILLIA,,
1717,166,021509,PAMPAS,PAMPAS,,
1718,69,020201,AIJA,AIJA,,
1719,130,220701,PICOTA,PICOTA,,
1720,69,020202,CORIS,CORIS,,
1721,71,020603,AMASHCA,AMASHCA,,
1722,2,101107,PAMPAMARCA,PAMPAMARCA,,
1723,161,060309,SOROCHUCO,SOROCHUCO,,
1724,159,060101,CAJAMARCA,CAJAMARCA,,
1725,110,061108,NANCHOC,NANCHOC,,
1726,144,220201,BELLAVISTA,BELLAVISTA,,
1727,31,010106,CHUQUIBAMBA,CHUQUIBAMBA,,
1728,73,021705,LLACLLIN,LLACLLIN,,
1729,71,020601,CARHUAZ,CARHUAZ,,
1730,51,100208,TOMAY KICHWA,TOMAY KICHWA,,
1731,76,022007,SHUPLUY,SHUPLUY,,
1732,74,021807,SAMANCO,SAMANCO,,
1733,187,021013,RAPAYAN,RAPAYAN,,
1734,56,100509,PUÑOS,PUÑOS,,
1735,127,220404,PISCOYACU,PISCOYACU,,
1736,187,021001,HUARI,HUARI,,
1737,110,061102,BOLIVAR,BOLIVAR,,
1738,56,100504,JACAS GRANDE,JACAS GRANDE,,
1739,70,020515,TICLLOS,TICLLOS,,
1740,113,130302,BAMBAMARCA,BAMBAMARCA,,
1741,109,061003,EDUARDO VILLANUEVA,LA GRAMA,,
1742,113,130305,UCHUMARCA,UCHUMARCA,,
1743,162,060413,PACCHA,PACCHA,,
1744,61,101002,BAÑOS,BAÑOS,,
1745,120,160602,INAHUAYA,INAHUAYA,,
1746,130,220706,SAN CRISTOBAL,PUERTO RICO,,
1747,110,061101,SAN MIGUEL,SAN MIGUEL DE PALLAQUES,,
1748,161,060310,SUCRE,SUCRE,,
1749,70,020502,ABELARDO PARDO LEZAMETA,LLACLLA,,
1750,95,190204,PAUCAR,PAUCAR,,
1751,165,021406,CONGAS,CONGAS,,
1752,21,150302,COPA,COPA,,
1753,70,020512,MANGAS,MANGAS,,
1754,165,021403,CAJAMARQUILLA,CAJAMARQUILLA,,
1755,165,021401,OCROS,OCROS,,
1756,70,020511,LA PRIMAVERA,GORGORILLO,,
1757,51,100206,SAN FRANCISCO,MOSCA,,
1758,70,020510,HUAYLLACAYAN,HUAYLLACAYAN,,
1759,51,100207,SAN RAFAEL,SAN RAFAEL,,
1760,70,020513,PACLLON,PACLLON,,
1761,75,021903,ALFONSO UGARTE,ULLULLUCO,,
1762,140,250107,MANANTAY,SAN FERNANDO,,
1763,75,021906,HUAYLLABAMBA,HUAYLLABAMBA,,
1764,186,020904,CUSCA,CUSCA,,
1765,166,021511,TAUCA,TAUCA,,
1766,75,021908,RAGASH,RAGASH,,
1767,165,021410,SANTIAGO DE CHILCAS,SANTIAGO DE CHILCAS,,
1768,165,021402,ACAS,ACAS,,
1769,95,190206,SANTA ANA DE TUSI,SANTA ANA DE TUSI,,
1770,95,190202,CHACAYAN,CHACAYAN,,
1771,52,021102,COCHAPETI,COCHAPETI,,
1772,73,021703,COTAPARACO,COTAPARACO,,
1773,59,100803,MOLINO,MOLINO,,
1774,16,140118,POMALCA,POMALCA,,
1775,61,101005,RONDOS,RONDOS,,
1776,53,021209,SANTO TORIBIO,SANTO TORIBIO,,
1777,16,140101,CHICLAYO,CHICLAYO,,
1778,52,021105,MALVAS,MALVAS,,
1779,89,060805,HUABAL,HUABAL,,
1780,66,010610,SANTA ROSA,SANTA ROSA DE HUAYABAMBA,,
1781,56,100503,CHAVIN DE PARIARCA,CHAVIN DE PARIARCA,,
1782,164,021302,CASCA,CASCA,,
1783,55,100402,CANCHABAMBA,CANCHABAMBA,,
1784,58,100703,SAN BUENAVENTURA,SAN BUENAVENTURA,,
1785,139,240302,AGUAS VERDES,AGUAS VERDES,,
1786,75,021909,SAN JUAN,CHULLIN,,
1787,115,160103,FERNANDO LORES,TAMSHIYACU,,
1788,164,021304,FIDEL OLIVAS ESCUDERO,SANACHGAN,,
1789,195,200503,ARENAL,ARENAL,,
1790,53,021202,HUALLANCA,HUALLANCA,,
1791,194,130904,CURGOS,CURGOS,,
1792,72,021601,POMABAMBA,POMABAMBA,,
1793,175,130604,CHARAT,CHARAT,,
1794,167,131203,GUADALUPITO,GUADALUPITO,,
1795,194,130906,SANAGORAN,SANAGORAN,,
1796,53,021210,YURACMARCA,YURACMARCA,,
1797,72,021604,QUINUABAMBA,QUINUABAMBA,,
1798,110,061104,CATILLUC,CATILLUC,,
1799,186,020905,LA PAMPA,LA PAMPA,,
1800,186,020906,YANAC,YANAC,,
1801,192,130503,CARABAMBA,CARABAMBA,,
1802,111,130108,POROTO,POROTO,,
1803,178,131003,CACHICADAN,CACHICADAN,,
1804,178,131006,QUIRUVILCA,QUIRUVILCA,,
1805,137,240101,TUMBES,TUMBES,,
1806,115,160104,INDIANA,INDIANA,,
1807,157,051004,ASQUIPATA,ASQUIPATA,,
1808,90,060907,TABACONAS,TABACONAS,,
1809,131,220807,SAN FERNANDO,SAN FERNANDO,,
1810,97,200115,VEINTISEIS DE OCTUBRE,SAN MARTIN,,
1811,138,240203,CANOAS DE PUNTA SAL,CANCAS,,
1812,117,160301,NAUTA,NAUTA,,
1813,115,160105,LAS AMAZONAS,FRANCISCO DE ORELLANA,,
1814,118,160402,PEBAS,PEBAS,,
1815,121,160704,MORONA,PUERTO ALEGRIA,,
1816,97,200105,CATACAOS,CATACAOS,,
1817,97,200104,CASTILLA,CASTILLA,,
1818,196,200608,SALITRAL,SALITRAL,,
1819,100,200409,SANTO DOMINGO,SANTO DOMINGO,,
1820,100,200401,CHULUCANAS,CHULUCANAS,,
1821,195,200505,LA HUACA,LA HUACA,,
1822,188,200702,EL ALTO,EL ALTO,,
1823,195,200502,AMOTAPE,AMOTAPE,,
1824,195,200506,TAMARINDO,TAMARINDO,,
1825,98,200208,SAPILLICA,SAPILLICA,,
1826,154,050704,PACAPAUSA,PACAPAUSA,,
1827,98,200205,MONTERO,MONTERO,,
1828,158,051102,ACCOMARCA,ACCOMARCA,,
1829,196,200607,QUERECOTILLO,QUERECOTILLO,,
1830,156,050902,BELEN,BELEN,,
1831,154,050708,UPAHUACHO,UPAHUACHO,,
1832,153,050615,SAN CRISTOBAL,SAN CRISTOBAL,,
1833,154,050703,CORONEL CASTAÑEDA,ANISO,,
1834,153,050614,SAISA,SAISA,,
1835,154,050706,PUYUSCA,INCUYO,,
1836,155,050804,LAMPA,LAMPA,,
1837,155,050802,COLTA,COLTA,,
1838,154,050702,CHUMPI,CHUMPI,,
1839,153,050609,LEONCIO PRADO,TAMBO QUEMADO,,
1840,153,050606,CHIPAO,CHIPAO,,
1841,153,050611,LUCANAS,LUCANAS,,
1842,153,050610,LLAUTA,LLAUTA,,
1843,157,051003,APONGO,APONGO,,
1844,153,050602,AUCARA,AUCARA,,
1845,156,050906,MORCOLLA,MORCOLLA,,
1846,153,050601,PUQUIO,PUQUIO,,
1847,149,050206,TOTOS,TOTOS,,
1848,158,051104,CONCEPCION,CONCEPCION,,
1849,157,051001,HUANCAPI,HUANCAPI,,
1850,151,050405,LURICOCHA,LURICOCHA,,
1851,148,050116,ANDRES AVELINO CACERES DORREGARAY,JARDIN,,
1852,151,050410,UCHURACCAY,HUAYNACANCHA,,
1853,152,050507,SANTA ROSA,SANTA ROSA,,
1854,148,050109,SAN JOSE DE TICLLAS,TICLLAS,,
1855,152,050503,AYNA,SAN FRANCISCO,,
1856,148,050107,PACAYCASA,PACAYCASA,,
1857,149,050201,CANGALLO,CANGALLO,,
1858,152,050506,LUIS CARRANZA,PAMPAS,,
1859,158,051108,VISCHONGO,VISCHONGO,,
1860,149,050203,LOS MOROCHUCOS,PAMPA CANGALLO,,
1861,148,050106,OCROS,OCROS,,
1862,148,050110,SAN JUAN BAUTISTA,SAN JUAN BAUTISTA,,
1863,148,050102,ACOCRO,ACOCRO,,
1864,148,050114,VINCHOS,VINCHOS,,
1865,148,050113,TAMBILLO,TAMBILLO,,
1866,148,050115,JESUS NAZARENO,LAS NAZARENAS,,
1867,148,050103,ACOS VINCHOS,ACOS VINCHOS,,
1868,148,050111,SANTIAGO DE PISCHA,SAN PEDRO DE CACHI,,
1869,148,050108,QUINUA,QUINUA,,
1870,81,030611,LOS CHANKAS,RIO BLANCO,,
1871,85,040302,ACARI,ACARI,,
1872,85,040305,BELLA UNION,BELLA UNION,,
1873,151,050401,HUANTA,HUANTA,,
1874,77,030220,JOSE MARIA ARGUEDAS,HUANCABAMBA,,
1875,38,080911,INKAWASI,AMAYBAMBA,,
1876,49,090720,ANDAYMARCA,ANDAYMARCA,,
1877,49,090719,QUICHUAS,QUICHUAS,,
1878,38,080912,VILLA VIRGEN,VILLA VIRGEN,,
1879,38,080913,VILLA KINTIARINA,VILLA KINTIARINA,,
1880,151,050411,PUCACOLPA,HUALLHUA,,
1881,49,090718,TINTAY PUNCU,TINTAY,,
1882,134,230111,LA YARADA LOS PALOS,LOS PALOS,,
1883,58,100705,SANTA ROSA DE ALTO YANAJANCA,SANTA ROSA DE ALTO YANAJANCA,,
1884,13,120609,VIZCATAN DEL ENE,SAN MIGUEL DEL ENE,,
1885,50,100113,SAN PABLO DE PILLAO,SAN PABLO DE PILLAO,,
1886,57,100605,LUYANDO,LUYANDO /8,,
1887,57,100610,SANTO DOMINGO DE ANDA,PACAE,,
1888,106,211105,SAN MIGUEL,SAN MIGUEL,,
1889,26,150806,HUAURA,HUAURA,,
1890,49,090724,LAMBRAS,SANTA MARIA,,
